Pregnancies,Glucose,BloodPressure,SkinThickness,Insulin,BMI,DiabetesPedigreeFunction,Age
0.6471496735891314,0.863398993622692,-0.036766677539305785,0.7042088651488627,0.6511742812456962,0.18344549540240981,0.5889273229379833,1.4456909618427414
-0.8489699811864645,-1.2066023396829089,-0.5443186550741214,0.051423821776108866,-0.916972843373438,-0.8643467139464733,-0.3781014692885137,-0.18930400155266874
1.2455975354993696,2.0133997343480257,-0.7135026475857266,-0.31848770280178484,0.9355931224756371,-1.358305898353804,0.7465950608009992,-0.10325163505817349
-0.8489699811864645,-1.0751736836000134,-0.5443186550741214,-0.6013612215966451,-0.6556149892702489,-0.6398198119431413,-1.022787330772845,-1.0498276664976214
-1.1481939121415836,0.5019701893947299,-2.743710557724989,0.7042088651488627,0.2924478148295544,1.6054492080901799,2.596563185060384,-0.017199268563678212
0.3479257426340122,-0.1880302550404703,0.13241731497229942,-0.47080421292209435,-0.7709199249040086,-1.0140313152820282,-0.9036605954985663,-0.275356368047164
-0.25052211927622614,-1.4366024878279755,-1.897790595166963,0.3778163434624858,-0.7324849463594222,-0.20573446807003273,-0.7389854026194165,-0.6195658340251451
1.844045397409608,-0.22088741906119413,0.48770369924667056,0.3778163434624858,-0.2815145314362726,0.43790931767285224,-1.1384103385390565,-0.3614087345416593
-0.5497460502313453,2.4734000306381594,-0.20595067005091097,1.7921839374367858,2.5489013468846613,-0.2805767687378101,-1.054320878345448,1.7038480613262272
1.2455975354993696,0.10768422114604409,1.9934412325999566,1.2699559027385832,0.23607651296416063,-0.19076600793647705,-0.7950450427484888,1.7899004278207225
0.04870181167889305,-0.3851732391648132,1.6550732475767462,0.6171708593658292,-0.13546161296684336,0.7821839007446287,-0.9386978705792365,-0.275356368047164
1.844045397409608,1.5205422740371684,0.13241731497229942,1.008841885389481,1.8605949394486883,0.8420577412788505,0.27359184721195184,0.06885309793081706
1.844045397409608,0.5676845174361775,0.639969292507115,-0.4925637143678527,-0.5351853898305441,-0.789504413278696,2.596563185060384,2.0480575273042083
-0.8489699811864645,2.2105427184723685,-1.0518706326089369,-0.6013612215966451,2.5489013468846613,-0.3404506092720318,-0.2134262764093637,2.2201622602931987
0.3479257426340122,1.4548279459957207,-0.036766677539305785,-1.0365512505118142,0.38212943143358985,-0.9840943950149172,0.4487782226153025,1.5317433283372366
0.9463736045442506,-0.7137448793720514,0.08166211721881833,-0.44904471147633596,-0.5531217131513513,-0.3554190694055875,0.08789428928439973,-0.10325163505817349
-1.1481939121415836,-0.12231592699902266,0.9783372775303254,2.0097789518943707,1.0867707047510113,2.009597631696177,0.32264403232489014,-0.18930400155266874
0.9463736045442506,-0.4837447312269847,0.13241731497229942,-0.5360827172593695,-0.6428033297553866,-0.41529290993980916,-0.7179630375710143,-0.18930400155266874
-0.8489699811864645,-0.61517338730988,-2.743710557724989,1.0306013868352397,-0.7965432439337332,1.6353861283572901,-0.9667276906437726,-0.017199268563678212
-0.8489699811864645,-0.22088741906119413,-0.20595067005091097,0.1602213290049012,-0.6299916702405245,0.33313009673796457,0.24556202714741568,-0.10325163505817349
-0.25052211927622614,0.1405413851667679,1.3167052625535358,1.3569939085216167,1.1508290023253223,1.0366477230150712,0.8587143410591436,-0.5335134675306499
1.2455975354993696,-0.7466020433927752,0.9783372775303254,0.6389303608115872,-0.13289928106387072,0.4528777778064079,-0.2484635514900339,1.4456909618427414
0.9463736045442506,2.4405428666174354,1.485889255065141,0.4866138506912781,1.5684891025098304,1.1114900236828487,-0.027728718481811777,0.6712196633922839
1.5448214664544888,-0.08945876297829884,0.639969292507115,0.7042088651488627,-0.08165264300442189,-0.5051036707411422,-0.6864294899984111,-0.3614087345416593
2.143269328364727,0.6991131735190729,1.8242572400883514,0.4866138506912781,0.01059130550258586,0.632499299409074,-0.7179630375710143,1.5317433283372366
1.844045397409608,0.10768422114604409,-0.20595067005091097,-0.27496869991026807,-0.38657013945814256,-0.19076600793647705,-0.8896456854662982,0.6712196633922839
0.9463736045442506,0.8305418296019681,0.3016013074839046,1.2046773984013075,1.4531841668760708,1.0516161831486268,-0.7074518550468133,0.8433243963812745
-0.8489699811864645,-0.8123163714342229,-0.5443186550741214,-1.4717412794269835,-0.06627865158658738,-1.37327435848736,0.09840547180860079,-0.9637753000031262
2.7417171902749655,0.7648275015605205,0.8091532850187202,-1.0365512505118142,-0.4506284370324536,-1.5229589598229145,-0.7494965851436175,2.0480575273042083
0.3479257426340122,-0.1551730910197465,1.6550732475767462,0.18198083045065958,0.2796361553146922,0.2582877960701872,-0.4271536544014518,0.41306256390879814
0.3479257426340122,-0.418030403185537,0.217009311228102,-0.27496869991026807,0.8689724929983538,0.542688538607741,0.305125394784555,2.306214626787694
-0.25052211927622614,1.1919706338299303,0.3016013074839046,0.813006372377655,1.2789455974739443,-0.11592370726869967,1.3737622847449953,-0.44746110103615455
-0.25052211927622614,-1.1080308476207372,-1.221054625120542,-1.9069313083421529,-1.1680813698647372,-1.133778996350472,-0.6724145799661431,-0.9637753000031262
0.6471496735891314,-0.976602191537842,1.6550732475767462,-1.4935007808727419,-0.9477208262091071,-1.8672335428946905,-0.9492090531034375,-0.44746110103615455
1.844045397409608,0.009112729083872622,0.4707852999955098,0.2690188362336935,0.9894020924380585,-0.7146621126109186,0.1859986595102763,1.015429129370265
0.04870181167889305,-0.61517338730988,-1.0518706326089369,0.4866138506912781,0.5999276431862474,-1.253526677418916,1.7766909481727022,-0.017199268563678212
2.143269328364727,0.5348273534154537,0.3016013074839046,-0.31848770280178484,0.7792908763943183,0.12357165486818812,-0.13634427123188944,0.15490546442531233
1.5448214664544888,-0.6480305513306038,0.3016013074839046,0.9218038796064474,-0.8708508691199339,0.07866627446752107,0.7220689682445302,1.1014814958647603
-0.5497460502313453,-1.0423165195792896,-0.37513466256251615,1.465791415750409,-0.5761827002781031,0.8719946615459618,0.15446511193767312,-0.5335134675306499
0.04870181167889305,-0.3523160751440894,-0.036766677539305785,2.0097789518943707,0.7921025359091804,0.7073416000768514,2.596563185060384,1.962005160809713
-0.25052211927622614,1.9148282422858542,-0.7135026475857266,-0.3837662071390604,-0.9630948176269418,0.2433193359366315,-0.658399669933875,-0.6195658340251451
0.9463736045442506,0.37054153331183465,0.9783372775303254,0.9435633810522062,1.1585159980342394,1.1713638642170714,0.8306845209946074,0.32701019741430287
0.9463736045442506,-0.5166018952477085,1.6550732475767462,-1.1453487577406065,-0.8529145457991267,-1.448116659155137,-0.7845338602242877,1.273586228853751
1.5448214664544888,1.6191137660993398,2.6701772026463773,-0.4925637143678527,1.2148872998996334,1.9497237911619554,0.9182777086962829,1.7899004278207225
0.9463736045442506,1.224827797850654,-0.7135026475857266,-0.14441169123571737,1.2046379722877434,-0.74459903287803,-0.5778139372483337,0.5851672968977887
-1.1481939121415836,1.9148282422858542,-0.5443186550741214,1.139398894064032,2.5489013468846613,1.4407961466210695,2.596563185060384,-0.7056182005196404
-0.8489699811864645,0.7976846655812443,-1.3902386176321473,0.22549983334217671,0.5948029793803025,-0.400324449806254,0.368192489929761,-0.3614087345416593
-0.5497460502313453,-1.6666026359730421,-0.20595067005091097,-0.16617119268147576,-1.0117791237834182,-0.654788272076697,0.4452744951072355,-0.9637753000031262
0.9463736045442506,-0.61517338730988,-0.5443186550741214,0.3778163434624858,-0.1892705829292645,1.006710802747961,-0.40262756184498283,-0.18930400155266874
0.9463736045442506,-0.5494590592684323,0.9106636805256836,0.4866138506912781,0.24120117677010558,-0.5949144315424753,-0.5392729346595965,-0.7916705670141356
-0.8489699811864645,-0.61517338730988,0.639969292507115,-1.9069313083421529,-0.8093549034485954,-1.9420758435624679,0.11242038184086887,-0.9637753000031262
-0.8489699811864645,-0.6808877153513276,-1.897790595166963,-1.4717412794269835,-1.398691241132257,-1.223589757151805,0.2350508446232146,-0.6195658340251451
0.3479257426340122,-1.1080308476207372,-0.5443186550741214,-0.8189562360542296,-1.5652428148254656,-1.1936528368846941,-0.4096350168611167,-0.275356368047164
1.2455975354993696,1.783399586202959,1.485889255065141,0.5954113579200705,1.9835868707913658,0.1984139555359655,0.02833092164726056,2.1341098937987035
0.9463736045442506,0.9291133216641396,-0.5443186550741214,1.465791415750409,2.5216765704155786,0.34809855687152025,0.9077665261720819,0.7572720298867792
-0.8489699811864645,-1.6008883079315945,-1.897790595166963,-2.015728815570945,-0.9682194814328868,-1.4032112787544706,-0.7389854026194165,-1.0498276664976214
0.9463736045442506,2.144828390430921,-0.37513466256251615,1.139398894064032,2.0348335088508147,0.7971523608781844,-0.7179630375710143,0.6712196633922839
-1.1481939121415836,-0.7137448793720514,1.3167052625535358,2.825760256110313,-0.4506284370324536,2.159282233031732,1.762676038140434,-0.18930400155266874
-1.1481939121415836,0.7976846655812443,0.8091532850187202,1.1611583955097908,2.039958172656759,1.2162692446177372,2.596563185060384,0.9293767628757698
-1.1481939121415836,-0.5494590592684323,-0.7135026475857266,1.3569939085216167,-0.04065533255686297,1.365953845953292,-1.001764965724443,-0.9637753000031262
-0.5497460502313453,-1.2394595037036327,0.20009091197694123,-0.29672820135602646,-0.6607396530761939,0.6115434552220963,-0.5427766621676635,-1.0498276664976214
1.2455975354993696,0.37054153331183465,-0.036766677539305785,0.2690188362336935,0.4077527504633143,0.07866627446752107,-0.661903397441942,0.4991149304032934
0.3479257426340122,-2.5537460645325853,-0.8826866400973318,-0.4055257085848188,-1.3371952754609184,-1.1038420760833612,0.4487782226153025,0.2409578309198076
-0.5497460502313453,0.6333988454776253,-1.221054625120542,0.5954113579200705,-0.22001856576493387,-1.0439682355491395,0.8411957035188085,-0.7916705670141356
0.9463736045442506,-0.25374458308191794,-0.5443186550741214,-0.013854682561166676,-0.17902125531737495,0.06369781433396537,-0.7039481275387462,0.7572720298867792
0.3479257426340122,-0.7466020433927752,0.13241731497229942,-0.16617119268147576,-0.6299916702405245,-0.5051036707411422,-0.8966531404824323,-0.10325163505817349
-1.1481939121415836,-0.418030403185537,1.3167052625535358,0.1602213290049012,0.11308458162148352,0.018792433933299383,1.3877771947772635,0.41306256390879814
-0.5497460502313453,-0.418030403185537,1.6550732475767462,1.008841885389481,-0.002220354012276347,1.5455753675559583,1.3527399196965932,1.7899004278207225
-0.8489699811864645,-0.8780306994756706,-0.5443186550741214,-1.6893362938845682,-1.3730679221025326,-1.9121389232953565,-0.43766483692565283,-0.7056182005196404
0.04870181167889305,0.7976846655812443,1.062929273786128,-0.16617119268147576,-0.5787450321810756,-0.520072130874698,-0.9457053255953706,-0.5335134675306499
-0.5497460502313453,-0.7137448793720514,-0.5443186550741214,-0.927753743283022,-0.7068616273296977,0.07866627446752107,1.4298219248740676,-0.44746110103615455
0.3479257426340122,0.5676845174361775,-0.7135026475857266,0.7042088651488627,-0.06627865158658738,-0.5649775112753639,-0.16787781880449262,-0.6195658340251451
2.7417171902749655,0.1405413851667679,1.485889255065141,1.1829178969555487,0.702420919305145,1.650354588490846,0.4347633125830344,0.7572720298867792
0.04870181167889305,0.23911287722893937,1.1475212700419306,-0.927753743283022,1.5992370853454996,0.4079723974057419,-0.7985487702565557,-0.877722933508631
-0.8489699811864645,-1.4037453238072517,0.217009311228102,0.1602213290049012,-1.0348401109101701,-0.05604986673447799,-0.22043373142549774,-0.9637753000031262
-0.8489699811864645,-0.4640304328145506,-2.066974587678568,-0.927753743283022,0.19764153441957402,-1.1487474564840277,-1.1173879734906544,-0.9637753000031262
0.9463736045442506,-1.9623171121595566,0.4707852999955098,0.4430948477997613,-1.1219593956112333,0.03376089406685507,-0.23795236896583286,0.6712196633922839
0.3479257426340122,-0.8780306994756706,-0.036766677539305785,0.4866138506912781,0.24120117677010558,0.7971523608781844,-0.31153064663524027,-0.5335134675306499
-1.1481939121415836,0.30482720527038704,-0.07060347604162731,0.8565253752691718,0.4333760694930387,1.6204176682237355,-0.661903397441942,-0.6195658340251451
-0.5497460502313453,-0.3194589111233656,-0.5443186550741214,-0.7101587288254373,-0.5710580364721584,-1.1038420760833612,-0.5322654796434624,-0.7916705670141356
-0.25052211927622614,-0.28660174710264175,-2.4053425727017785,-1.6893362938845682,-0.7581082653891468,-1.4930220395558038,-1.1173879734906544,-0.9637753000031262
-0.5497460502313453,-1.5680311439108707,-0.442808259567158,-0.6666397259339205,-1.1911423569914894,-0.18178493185634395,-1.2505296187972013,-0.9637753000031262
0.9463736045442506,-1.2723166677243565,0.4707852999955098,-0.27496869991026807,-0.9502831581120796,-0.46019829034047566,1.079449174067366,0.2409578309198076
-1.1481939121415836,-0.6808877153513276,-0.628910651329924,-0.05737368545268345,-0.4788140879651503,-1.1637159166175828,-0.7775264052081537,-0.9637753000031262
0.3479257426340122,0.5019701893947299,2.6701772026463773,0.9653228824979642,0.4897473713584325,2.458651435702841,-0.8125636802888239,0.32701019741430287
-0.5497460502313453,-0.3851732391648132,0.13241731497229942,0.051423821776108866,-0.2584535443095205,0.003823973799743697,0.8376919760107414,-0.5335134675306499
2.7417171902749655,-0.5166018952477085,-0.036766677539305785,2.7713615024959166,-0.04321766445983526,0.632499299409074,-0.9842463281841077,1.015429129370265
-0.5497460502313453,-0.7137448793720514,-0.37513466256251615,-0.3837662071390604,-0.9502831581120796,0.9169000419466278,-0.47270211200632306,-0.6195658340251451
2.891329155752525,0.4691130253740061,-0.20595067005091097,0.3778163434624858,-0.4506284370324536,0.7073416000768514,-1.0718395158857832,0.8433243963812745
-0.8489699811864645,-0.4837447312269847,-0.37513466256251615,-1.0365512505118142,-0.9784688090447764,-0.879315174080029,-1.029794785788979,-0.7916705670141356
-0.8489699811864645,-1.370888159786528,-1.47483061388795,-1.167108259186365,-1.1527073784469024,-1.986981223963134,-0.7039481275387462,-1.0498276664976214
0.04870181167889305,0.041969893104596444,0.639969292507115,-1.4717412794269835,0.3949410909484521,-0.05604986673447799,-0.05575853854634795,0.06885309793081706
0.9463736045442506,-1.338030995765804,0.4707852999955098,1.2481964012928244,-1.2449513269539105,2.144313772898177,-0.6934369450145452,0.7572720298867792
0.04870181167889305,0.40339869733255845,-0.036766677539305785,-0.4272852100305772,-0.23795488908574103,-1.2834635976860267,-0.6373773048854728,2.306214626787694
-0.5497460502313453,0.6662560094983491,0.8091532850187202,-1.1453487577406065,-1.0399647747161151,-1.1487474564840277,1.0584268090189637,-1.0498276664976214
0.6471496735891314,0.7319703375397967,-0.036766677539305785,-0.16617119268147576,1.0611473857212868,0.2283508758030758,-0.7144593100629473,0.5851672968977887
-0.5497460502313453,-0.976602191537842,-0.8826866400973318,-0.05737368545268345,-0.4967504112859575,-0.11592370726869967,-1.1524252485713247,-0.7916705670141356
-0.8489699811864645,-1.6666026359730421,-2.066974587678568,-1.1453487577406065,-0.8862248605377686,-1.7923912422269133,-0.4762058395143901,-0.9637753000031262
0.6471496735891314,-0.9437450275171182,-1.897790595166963,0.1602213290049012,-1.0399647747161151,-0.5500090511418088,-0.36058283174817857,-0.877722933508631
-0.8489699811864645,0.009112729083872622,1.485889255065141,2.4449689808095396,0.9586541096023892,2.5933675769048414,-0.46919838449825607,-0.18930400155266874
-0.8489699811864645,1.3562564539335493,-0.036766677539305785,0.9653228824979642,1.591550089636582,0.9917423426144052,2.596563185060384,-0.017199268563678212
-0.8489699811864645,0.9619704856848634,-1.0518706326089369,0.1602213290049012,0.4180020780752042,-0.9391890146142508,-0.9807426006760407,-0.9637753000031262
-1.1481939121415836,0.10768422114604409,1.9934412325999566,-1.1453487577406065,-0.26101587621249295,-1.478053579422248,-0.6899332175064782,-1.0498276664976214
-0.8489699811864645,-1.338030995765804,-0.036766677539305785,-1.1453487577406065,-1.347444603072808,-0.8643467139464733,-0.6163549398370709,-0.7916705670141356
-0.5497460502313453,-1.2066023396829089,-0.628910651329924,1.2264368998470656,-0.25332888050357555,1.0815531034157382,1.65055675788229,-0.5335134675306499
-0.8489699811864645,0.1405413851667679,-1.3902386176321473,0.051423821776108866,0.0874612625917591,-0.5500090511418088,1.1985759093416446,-1.0498276664976214
-0.8489699811864645,-0.8451735354549468,2.6701772026463773,-0.20969019557299254,-0.8452275500902096,-1.4930220395558038,-0.8826382304501641,-0.5335134675306499
0.04870181167889305,0.7319703375397967,-1.221054625120542,-0.05737368545268345,-0.06627865158658738,-0.43026137007336485,-0.6023400298048028,0.32701019741430287
-0.25052211927622614,-1.2723166677243565,-1.221054625120542,0.2690188362336935,-1.6293011123997767,0.2882247163372975,-0.4306573819095188,-0.7056182005196404
-1.1481939121415836,-0.8780306994756706,1.062929273786128,-0.3837662071390604,-1.398691241132257,0.7522469804775174,-0.7424891301274835,-0.7916705670141356
-0.25052211927622614,1.6191137660993398,-0.036766677539305785,0.4866138506912781,-0.1303369491608984,0.13854011500174276,-0.9106680505147003,-0.7916705670141356
1.2455975354993696,1.0933991417677587,-0.8826866400973318,-0.27496869991026807,2.5489013468846613,0.2433193359366315,0.29461421226035395,1.1014814958647603
-0.8489699811864645,-1.0751736836000134,0.3016013074839046,0.5954113579200705,-1.3858795816173948,-0.1757975478029219,-0.9351941430711694,-0.877722933508631
0.04870181167889305,-1.5023168158694231,-0.8826866400973318,-0.44904471147633596,-1.2398266631479653,0.2433193359366315,-0.23795236896583286,-0.7056182005196404
0.9463736045442506,1.257684961871378,-1.5594226101437525,0.3778163434624858,0.38212943143358985,-0.2805767687378101,0.4522819501233695,0.4991149304032934
0.04870181167889305,0.7976846655812443,1.6550732475767462,0.5301328535827949,1.2917572569888065,-0.1757975478029219,0.2805993022280859,2.392266993282189
0.3479257426340122,0.07482705712532027,0.13241731497229942,0.4430948477997613,0.45131239281384583,0.2433193359366315,-0.837089772845293,0.41306256390879814
0.3479257426340122,-1.4366024878279755,-2.066974587678568,-0.10089268834420022,-0.9554078219180246,0.1984139555359655,0.6835279656557929,-0.7056182005196404
0.04870181167889305,-0.8123163714342229,-1.0518706326089369,-0.6013612215966451,-0.9502831581120795,-0.6248513518095861,-0.05575853854634795,-0.9637753000031262
0.04870181167889305,-0.7466020433927752,0.3016013074839046,-1.4717412794269835,-1.2065163484093238,-1.37327435848736,-0.8265785903210919,-1.0498276664976214
-1.1481939121415836,1.3233992899128255,0.3016013074839046,2.825760256110313,-0.5787450321810756,2.675694107639396,1.0514193540028298,-0.7056182005196404
0.6471496735891314,-0.3523160751440894,-0.7135026475857266,1.139398894064032,-0.5121244027037921,0.2732562562037429,-0.6969406725226123,-0.7916705670141356
-0.5497460502313453,-0.4837447312269847,0.13241731497229942,0.1602213290049012,-0.5787450321810756,0.18344549540240981,-0.19240391136096158,-0.877722933508631
0.3479257426340122,0.33768436929111084,0.639969292507115,-0.29672820135602646,-0.6351163340464695,-0.8344097936793625,-0.9562165081195716,2.8655550090019135
-1.1481939121415836,-0.28660174710264175,0.3016013074839046,0.1602213290049012,-0.2968885228541071,0.13854011500174276,-0.6338735773774058,-0.877722933508631
-0.8489699811864645,-1.1080308476207372,-2.743710557724989,1.465791415750409,-0.5915566916959378,2.675694107639396,0.12993901938120397,-0.6195658340251451
-0.25052211927622614,-0.05660159895757502,-0.20595067005091097,0.1602213290049012,-0.1303369491608984,1.5755122878230685,-0.024224990973744757,-0.275356368047164
-0.8489699811864645,-0.12231592699902266,-1.221054625120542,0.813006372377655,-0.6556149892702489,0.13854011500174276,-0.6934369450145452,-0.877722933508631
-0.8489699811864645,-0.1551730910197465,1.3167052625535358,-0.4925637143678527,-0.002220354012276347,0.3181616366044089,-0.1959076388690286,0.5851672968977887
-1.1481939121415836,-0.5494590592684323,0.9783372775303254,-0.6666397259339202,-0.6146176788226898,-0.6697567322102527,0.9883522588576233,2.478319359776685
0.04870181167889305,1.6848280941407876,-0.20595067005091097,-1.5805387866557756,0.2924478148295544,-0.400324449806254,-0.34306419420784345,-0.017199268563678212
1.5448214664544888,0.009112729083872622,-1.3902386176321473,0.1602213290049012,-0.15596026819062284,0.13854011500174276,2.295242619366621,-0.017199268563678212
-0.25052211927622614,1.586256602078616,-0.7135026475857266,0.9218038796064474,1.0227124071767002,0.3181616366044089,-0.36058283174817857,-0.275356368047164
1.2455975354993696,-1.2394595037036327,0.13241731497229942,0.2690188362336935,-0.5249360622186544,0.8869631216795164,-0.006706353433409651,0.4991149304032934
-0.5497460502313453,-0.8451735354549468,-0.37513466256251615,-1.6893362938845682,-1.2321396674390481,-1.6876120212920245,0.6590018730993238,-0.6195658340251451
-0.5497460502313453,0.10768422114604409,-1.0518706326089369,-0.927753743283022,-0.06627865158658738,0.21338241566952013,-1.2995818039101392,-0.18930400155266874
-1.1481939121415836,-0.7137448793720514,-0.20595067005091097,-0.27496869991026807,-1.219328007924186,-0.23567138833714357,0.4838154976959727,-1.0498276664976214
-1.1481939121415836,-0.9437450275171182,-1.0518706326089369,-0.3837662071390604,-0.6812383082999733,-0.5500090511418088,0.25607320967161673,-0.9637753000031262
-1.1481939121415836,0.23911287722893937,0.639969292507115,-0.07913318689844183,-0.05859165587767013,-0.1757975478029219,0.8552106135510765,-0.3614087345416593
0.3479257426340122,-0.5494590592684323,-0.036766677539305785,0.051423821776108866,2.303878358662921,0.6774046798097401,-1.0508171508373811,-0.44746110103615455
-0.25052211927622614,0.20625571320821554,0.4707852999955098,-1.1671082591863653,-0.46856476035326056,-1.6876120212920245,-0.668910852458076,1.8759527943152177
0.3479257426340122,-0.5166018952477085,0.8091532850187202,0.1602213290049012,-0.33276116949572143,1.0665846432821826,-0.6058437573128699,0.41306256390879814
-0.5497460502313453,-0.4508875672062609,-1.7286066026553577,-0.27496869991026807,-1.0527764342309773,0.018792433933299383,-0.4937244770547252,-0.9637753000031262
1.844045397409608,-0.4508875672062609,-0.5443186550741214,0.2907783376794519,-0.41731812229381193,0.003823973799743697,-0.654895942425808,0.7572720298867792
0.04870181167889305,1.0605419777470348,-0.8826866400973318,0.2690188362336935,1.7786003185535704,0.06369781433396537,-0.7775264052081537,-0.877722933508631
-1.1481939121415836,-0.6480305513306038,0.217009311228102,-0.6013612215966451,-0.4865010836740676,-0.11592370726869967,0.3962223099942972,-1.0498276664976214
1.5448214664544888,-2.1266029322631756,0.639969292507115,0.9218038796064474,-1.2142033441182412,0.06369781433396537,-1.271551983845603,0.6712196633922839
-0.5497460502313453,-0.5166018952477085,-0.7135026475857266,0.7042088651488627,-0.3353235013986937,-0.2805767687378101,2.596563185060384,0.06885309793081706
0.3479257426340122,0.8305418296019681,0.4707852999955098,-0.10089268834420022,0.7664792168794561,0.1984139555359655,-0.844097227861427,2.7364764592601705
-0.5497460502313453,-1.0423165195792896,-0.20595067005091097,-1.2541462649693988,-1.1732060336706822,-0.7595674930115851,-1.3100929864343402,-0.9637753000031262
-0.8489699811864645,0.4691130253740061,0.13241731497229942,2.3361714735807473,0.7536675573645939,0.7522469804775174,-0.2099225489012967,-0.7916705670141356
0.04870181167889305,-0.25374458308191794,-0.628910651329924,-1.1888677606321234,-0.7094239592326702,-1.567864340223581,-0.09429954113508518,0.32701019741430287
1.5448214664544888,1.1262563057884825,1.1475212700419306,-0.05737368545268345,0.12589624113634573,0.2882247163372975,2.5580221824716474,0.7572720298867792
-0.8489699811864645,1.027684813726311,0.8091532850187202,1.465791415750409,2.5489013468846613,1.231237704751293,0.7991509734220046,-0.877722933508631
1.2455975354993696,2.177685554451645,0.4707852999955098,0.7259683665946215,1.617173408666307,2.323935294500842,-1.1278991560148555,0.8433243963812745
0.9463736045442506,0.9948276497055872,1.3167052625535358,1.6833864302079935,1.9195285732170546,2.6382729573055075,-0.4271536544014518,0.2409578309198076
-0.5497460502313453,-0.7466020433927752,-1.7286066026553577,-1.4717412794269835,-0.6556149892702489,-1.1637159166175828,0.6239645980186536,-1.0498276664976214
-0.8489699811864645,-0.418030403185537,-1.3902386176321473,-0.8189562360542296,-0.1303369491608984,-1.0739051558162502,1.310695189599789,-0.877722933508631
-0.5497460502313453,-1.1080308476207372,0.13241731497229942,-1.0365512505118142,-1.1808930293795994,-0.5051036707411422,-0.8055562252726898,-0.9637753000031262
2.891329155752525,1.3562564539335493,-0.036766677539305785,1.3569939085216167,-0.39938179897300474,1.276143085151959,1.2546355494707166,1.1875338623592555
0.04870181167889305,0.9619704856848634,1.485889255065141,1.0306013868352397,0.2258271853522711,-0.400324449806254,-0.5778139372483337,0.2409578309198076
0.9463736045442506,-0.6480305513306038,0.13241731497229942,1.2481964012928244,-0.5146867346067646,0.7223100602104071,-0.8931494129743652,1.015429129370265
-1.1481939121415836,-0.25374458308191794,0.639969292507115,0.5954113579200705,1.7914119780684326,1.7701022695592903,-1.022787330772845,-0.5335134675306499
-0.5497460502313453,-0.7137448793720514,-0.7135026475857266,-0.6013612215966451,-0.765795261098064,-0.400324449806254,-0.3185381016513743,-1.0498276664976214
-1.1481939121415836,0.30482720527038704,1.3167052625535358,-0.4925637143678527,1.5608021068009128,-0.11592370726869967,0.9953597138737574,-0.10325163505817349
0.6471496735891314,-0.5823162232891561,0.13241731497229942,-1.1453487577406065,0.13870790065120794,-0.37038752953914317,0.9217814362043499,0.6712196633922839
-0.25052211927622614,0.863398993622692,-0.5443186550741214,-0.3837662071390604,1.5633644387038852,0.018792433933299383,-0.7109555825548803,-0.9637753000031262
0.04870181167889305,-0.05660159895757502,-0.37513466256251615,-0.4925637143678527,-0.002220354012276347,-0.41529290993980916,0.8762329785994787,0.06885309793081706
0.04870181167889305,-0.3851732391648132,-0.5443186550741214,0.33429734057096905,-0.09958896632522905,-0.07101832686803368,0.04234583167952845,-0.3614087345416593
-0.25052211927622614,-0.3523160751440894,1.485889255065141,-1.7981338011133605,-0.8606015415080442,-0.5949144315424753,0.12643529187313696,-0.3614087345416593
0.6471496735891314,-0.6480305513306038,0.8091532850187202,-0.6448802244881617,-0.2020822424441267,-0.23567138833714357,-0.9772388731679738,0.2409578309198076
0.6471496735891314,0.40339869733255845,-0.20595067005091097,-0.6013612215966451,-0.19439524673520944,0.4528777778064079,0.29111048475228696,-0.3614087345416593
-0.5497460502313453,-1.140888011641461,-0.6458290505810848,-0.6013612215966451,-0.8913495243437136,-0.520072130874698,1.100471539115768,-0.7056182005196404
-0.8489699811864645,-1.4037453238072517,-1.0518706326089369,1.465791415750409,-1.2449513269539105,1.6653230486244015,0.7676174258494014,-0.877722933508631
-0.5497460502313453,-1.535173979890147,-0.7135026475857266,-0.4925637143678527,-1.155269710349875,-0.400324449806254,-0.31153064663524027,-0.017199268563678212
1.2455975354993696,1.8819710782651304,-0.036766677539305785,1.465791415750409,-0.19439524673520944,0.04872935420041076,0.9112702536801489,0.2409578309198076
0.6471496735891314,-1.2066023396829089,0.4707852999955098,-0.122652189789959,-1.0015297961715286,-0.1757975478029219,-0.269485916538436,0.7572720298867792
-1.1481939121415836,0.23911287722893937,2.6701772026463773,1.9009814446655782,-0.19439524673520944,2.675694107639396,-0.4902207495466582,-0.6195658340251451
0.3479257426340122,0.6991131735190729,0.4707852999955098,1.0958798911725152,0.9125321353488853,1.8898499506277335,-0.9422015980873035,1.1875338623592555
0.3479257426340122,0.2719700412496632,0.8091532850187202,1.0741203897267564,0.8151635230359326,1.006710802747961,1.7416536730920322,0.32701019741430287
0.6471496735891314,-1.140888011641461,0.639969292507115,-1.167108259186365,-1.0912114127755639,-1.37327435848736,-1.3135967139424074,-0.10325163505817349
-1.1481939121415836,-0.08945876297829884,-0.7135026475857266,-1.1453487577406065,-0.6812383082999733,0.37803547713863056,0.9322926187285511,-0.877722933508631
-0.8489699811864645,0.7713989343646649,0.13241731497229942,-0.927753743283022,-1.5652428148254656,-0.6996936524773635,-0.5602952997079986,-1.0498276664976214
0.3479257426340122,-1.6008883079315945,-1.0518706326089369,-0.4055257085848188,-1.3038849607222764,-0.8344097936793625,-0.668910852458076,-0.5335134675306499
0.04870181167889305,0.6333988454776253,0.13241731497229942,-0.07913318689844183,-0.22258089766790634,-0.7146621126109186,-0.7530003126516845,0.5851672968977887
0.9463736045442506,2.3748285385759877,-0.37513466256251615,-0.05737368545268345,1.2353859551234128,0.5277200784741853,1.0023671688898914,0.6712196633922839
1.2455975354993696,1.947685406306578,-0.37513466256251615,0.813006372377655,2.5489013468846613,-0.3404506092720318,0.5468825928411791,2.306214626787694
-0.8489699811864645,0.20625571320821554,2.1626252251115616,1.3569939085216167,-1.1168347318052882,-0.05604986673447799,2.596563185060384,-0.017199268563678212
1.2455975354993696,-0.418030403185537,0.3016013074839046,1.139398894064032,-0.39938179897300474,-0.6697567322102527,0.6344757805428546,-0.18930400155266874
0.3479257426340122,0.5676845174361775,0.639969292507115,0.7042088651488627,0.18995453871065676,-0.11592370726869967,-0.34306419420784345,-0.7056182005196404
-0.25052211927622614,-0.3523160751440894,-0.8826866400973318,-0.7319182302711957,-0.40706879468192203,-1.4630851192886922,-1.1103805184745206,-1.0498276664976214
1.5448214664544888,0.041969893104596444,-0.20595067005091097,1.6833864302079935,-0.6556149892702489,0.10860319473463244,-0.2975157366029722,0.5851672968977887
0.9463736045442506,1.224827797850654,-0.5443186550741214,-0.4925637143678527,0.8843464844161882,-0.2955452288713658,-0.265982189030369,0.2409578309198076
2.143269328364727,0.4362558613532823,1.8242572400883514,1.1176393926182733,0.7511052254616216,2.675694107639396,0.4172446750426993,0.5851672968977887
1.2455975354993696,-1.2066023396829089,-1.47483061388795,-0.927753743283022,-0.9579701538209967,-1.1936528368846941,-1.1314028835229224,0.7572720298867792
0.3479257426340122,1.1919706338299303,0.9783372775303254,1.3569939085216167,0.8305375144537671,1.0516161831486268,-0.22393745893356476,-0.3614087345416593
-0.8489699811864645,-0.5494590592684323,-1.221054625120542,-0.7536777317169541,0.4180020780752042,-1.2086212970182493,-0.9527127806115046,-1.0498276664976214
-0.25052211927622614,-0.4837447312269847,-0.8826866400973318,-1.6893362938845682,-1.2449513269539105,-1.4181797388880264,0.7676174258494014,-0.877722933508631
0.04870181167889305,-0.418030403185537,-0.7135026475857266,1.6833864302079935,-0.5915566916959378,0.3630670170050749,1.5629635701806144,-0.6195658340251451
0.04870181167889305,0.863398993622692,-1.0518706326089369,-0.16617119268147576,2.2141967420588853,-0.22070292820358842,-1.0823506984099844,-0.3614087345416593
-1.1481939121415836,-0.28660174710264175,0.639969292507115,-1.3629437721981912,-0.32251184188383153,-0.20573446807003273,1.4543480174305368,-1.0498276664976214
-0.8489699811864645,0.5348273534154537,0.8091532850187202,0.7477278680403795,2.039958172656759,1.1563954040835156,-0.7810301327162207,-0.44746110103615455
-1.1481939121415836,-0.4508875672062609,-0.37513466256251615,-0.927753743283022,-0.7939809120307605,-0.7595674930115851,1.1495237242287064,-0.10325163505817349
-0.5497460502313453,-0.7466020433927752,-0.20595067005091097,-1.3629437721981912,-1.2961979650133593,-1.7923912422269133,-0.7845338602242877,-0.5335134675306499
0.6471496735891314,-0.61517338730988,-0.036766677539305785,0.3778163434624858,0.574304324156523,0.7971523608781844,-0.47270211200632306,1.8759527943152177
0.3479257426340122,-0.3523160751440894,-0.036766677539305785,-0.05737368545268345,-0.20720690625007165,-1.2684951375524716,-0.1818927288367607,-0.5335134675306499
1.2455975354993696,2.4405428666174354,0.3016013074839046,0.051423821776108866,1.7273536804941216,0.767215440611073,0.5118453177605089,2.0480575273042083
0.3479257426340122,1.3233992899128255,2.6701772026463773,0.4430948477997613,0.45131239281384583,0.7971523608781844,-1.0788469709019173,1.617795694831732
-0.8489699811864645,-0.8451735354549468,-0.7135026475857266,-0.16617119268147576,-0.7452966058742844,0.12357165486818812,-0.5953325747886689,-1.0498276664976214
0.9463736045442506,2.0462568983687497,0.9783372775303254,0.4866138506912781,1.8093483013892395,0.4678462379399636,-0.3640865592562456,0.6712196633922839
-0.5497460502313453,-1.338030995765804,-1.0518706326089369,-0.7101587288254373,-1.2039540165063514,-0.6996936524773635,-0.5918288472806018,-0.7056182005196404
-1.1481939121415836,0.8305418296019681,1.062929273786128,2.7713615024959166,1.3096935803096137,1.5605438276895127,-0.29401200909490516,-0.7916705670141356
0.9463736045442506,1.8819710782651304,1.908849236344154,0.2690188362336935,1.3301922355333933,0.2732562562037429,-1.033298513297046,2.306214626787694
-1.1481939121415836,0.6005416814569015,-0.628910651329924,-0.27496869991026807,-0.19439524673520944,1.5306069074224025,-0.0978032686431522,-0.7916705670141356
1.5448214664544888,-0.3194589111233656,0.8091532850187202,0.3778163434624858,0.38212943143358985,0.2732562562037429,-0.6969406725226123,0.2409578309198076
2.4424932593198463,0.9619704856848634,-0.20595067005091097,1.2481964012928244,1.6120487448603618,1.410859226353958,0.9918559863656904,0.41306256390879814
0.3479257426340122,-0.418030403185537,-0.8826866400973318,1.3569939085216167,-0.20720690625007165,0.5127516183406297,0.19300611452641037,-0.7056182005196404
0.6471496735891314,0.10768422114604409,-0.37513466256251615,0.1602213290049012,-0.32251184188383153,-0.3554190694055875,0.017819739123059498,-0.10325163505817349
0.3479257426340122,-1.2066023396829089,0.13241731497229942,-0.7101587288254373,-1.1937046888944616,-0.5051036707411422,2.596563185060384,-0.10325163505817349
0.3479257426340122,-0.3194589111233656,-0.5443186550741214,0.5083733521370369,-0.38913247136111484,0.8121208210117391,-0.6934369450145452,0.6712196633922839
-1.1481939121415836,1.8162567502236828,-1.0518706326089369,0.051423821776108866,2.5489013468846613,0.33313009673796457,2.1480860640278063,-1.0498276664976214
-0.5497460502313453,1.1919706338299303,1.485889255065141,0.051423821776108866,1.8042236375832947,-0.11592370726869967,1.2125908193739128,2.8225288257546657
0.9463736045442506,-0.08945876297829884,-0.13827707304626916,-0.5360827172593695,-0.343010497107611,-1.0739051558162502,-0.8756307754340302,0.32701019741430287
0.9463736045442506,0.6662560094983491,-1.0518706326089369,0.4866138506912781,0.574304324156523,-0.5350405910082531,0.7991509734220046,2.392266993282189
-0.8489699811864645,-0.7137448793720514,-0.5443186550741214,-1.4717412794269835,-1.1424580508350128,-1.3134005179531376,0.7255726957525972,-0.6195658340251451
-0.8489699811864645,-1.140888011641461,0.4707852999955098,-0.16617119268147576,-1.4499378791917057,0.33313009673796457,-1.254033346305268,-0.9637753000031262
-1.1481939121415836,-0.6808877153513276,0.3016013074839046,0.2690188362336935,0.11564691352445582,0.49778315820707497,-0.9141717780227673,-0.6195658340251451
-0.25052211927622614,1.3233992899128255,-1.7286066026553577,1.0306013868352397,1.9400272284408346,0.7223100602104071,0.6765205106396589,-0.7916705670141356
0.04870181167889305,2.4734000306381594,-0.20595067005091097,1.139398894064032,2.5489013468846613,0.6474677595426297,2.596563185060384,-0.18930400155266874
-1.1481939121415836,-0.1551730910197465,0.639969292507115,0.2690188362336935,-1.1808930293795994,1.9197868708948451,-1.2960780764020723,-0.7916705670141356
0.04870181167889305,0.6662560094983491,1.1475212700419306,1.4440319143046503,1.3993751969136488,1.740165349292179,0.6519944180831897,-0.9637753000031262
0.6471496735891314,0.40339869733255845,0.639969292507115,0.9218038796064474,2.5489013468846613,2.0694714722303997,-0.7740226777000867,1.1014814958647603
-0.8489699811864645,-1.4037453238072517,0.639969292507115,-0.3837662071390604,-1.3858795816173948,-1.0439682355491395,0.4347633125830344,-0.9637753000031262
0.04870181167889305,0.009112729083872622,-0.37513466256251615,0.11670232611338441,0.6050523069921924,0.39300393727218624,-0.22744118644163178,-0.3614087345416593
-0.25052211927622614,-1.5680311439108707,-0.37513466256251615,-0.05737368545268345,-1.283386305498497,-0.400324449806254,-0.5813176647564007,-0.877722933508631
0.04870181167889305,1.6191137660993398,-0.036766677539305785,0.9653228824979649,1.8195976290011293,1.6802915087579573,0.07037565174406461,-0.6195658340251451
0.9463736045442506,1.947685406306578,0.9783372775303254,-0.8189562360542296,0.5999276431862474,0.5277200784741853,0.4452744951072355,1.5317433283372366
-1.1481939121415836,1.8819710782651304,1.485889255065141,-0.16617119268147576,0.6819222640813656,1.7551338094257345,0.7956472459139375,-0.877722933508631
1.5448214664544888,1.3891136179542731,0.9783372775303254,-0.8189562360542296,0.2437635086730779,-0.23567138833714357,1.3036877345836548,-0.10325163505817349
-1.1481939121415836,-0.5823162232891561,0.3016013074839046,-1.5370197837642592,-1.1117100679993435,-2.0917604448980227,0.4312595850749674,-0.5335134675306499
-0.8489699811864645,-1.0094593555585658,-0.7135026475857266,-0.4925637143678527,-0.8324158905753474,-0.47516675047403134,-0.9351941430711694,-1.0498276664976214
0.04870181167889305,-1.0094593555585658,-0.20595067005091097,0.3778163434624858,-0.7324849463594222,0.10860319473463244,-0.045247356022146884,-0.9637753000031262
-0.25052211927622614,0.5676845174361775,-1.5594226101437525,-0.3402472042475436,0.8997204758340231,-1.0140313152820282,-0.1994113663770956,-0.9637753000031262
0.6471496735891314,-0.08945876297829884,-1.897790595166963,-0.7101587288254373,0.3949410909484521,-0.789504413278696,2.596563185060384,-0.017199268563678212
-0.5497460502313453,0.7976846655812443,0.3016013074839046,0.7042088651488627,0.6255509622159718,0.8719946615459618,-0.45518347446598795,-0.3614087345416593
1.5448214664544888,2.0462568983687497,1.062929273786128,-1.4717412794269835,-0.08421497490739455,-0.3554190694055875,2.596563185060384,1.3596385953482462
1.844045397409608,0.009112729083872622,-0.37513466256251615,-0.035614184006925065,0.2104531939344362,-0.1757975478029219,-0.7039481275387462,0.6712196633922839
-1.1481939121415836,1.421970781974997,1.485889255065141,0.4866138506912781,2.5489013468846613,2.675694107639396,-0.11181817867542028,-0.877722933508631
1.5448214664544888,0.07482705712532027,-0.20595067005091097,0.4866138506912781,2.5489013468846613,0.4528777778064079,-0.619858667345138,0.06885309793081706
-0.8489699811864645,-0.3523160751440894,1.1475212700419306,-1.0365512505118142,-0.2892015271451899,-0.3404506092720318,-1.1068767909664534,-0.877722933508631
1.5448214664544888,-0.5166018952477085,-1.7286066026553577,-0.6013612215966451,-0.440379109420564,-0.1757975478029219,-0.2764933715545701,0.7572720298867792
-0.5497460502313453,0.23911287722893937,0.9783372775303254,-0.122652189789959,0.002904309793668609,-0.654788272076697,-0.6128512123290039,-0.5335134675306499
-0.5497460502313453,-1.0423165195792896,0.639969292507115,-1.5805387866557756,-1.155269710349875,-1.1936528368846941,-0.7354816751113494,-0.7916705670141356
-1.1481939121415836,-1.1737451756621848,-0.37513466256251615,0.3778163434624858,-0.586432027889993,0.5127516183406297,-0.7740226777000867,-0.7056182005196404
2.4424932593198463,-0.976602191537842,-0.8826866400973318,-2.3421213372573217,1.4454971711671531,-0.7146621126109186,1.6365418478500218,0.9293767628757698
-0.8489699811864645,-0.28660174710264175,-0.7135026475857266,0.7042088651488627,-0.3276365056897765,0.18344549540240981,0.29461421226035395,-1.0498276664976214
-0.25052211927622614,-0.3523160751440894,-1.3902386176321473,1.139398894064032,-0.5326230579275718,-0.3404506092720318,0.34366639737329224,-0.275356368047164
-0.5497460502313453,-0.25374458308191794,-0.37513466256251615,-0.7101587288254373,-0.2738275357273552,-0.5500090511418088,-1.2855668938778713,-0.7056182005196404
-0.8489699811864645,2.3419713745552637,-1.897790595166963,-1.3629437721981912,2.5489013468846613,-0.9691259348813621,0.6870316931638599,-0.7916705670141356
2.143269328364727,1.0933991417677587,0.3016013074839046,-0.05737368545268345,0.06183794356203469,0.13854011500174276,2.596563185060384,1.5317433283372366
-0.25052211927622614,2.276257046513816,-0.37513466256251615,-1.4717412794269835,-0.19439524673520944,-0.22070292820358842,-0.5602952997079986,0.06885309793081706
-0.25052211927622614,0.6333988454776253,0.8429900835210417,0.1384618275591428,1.4839321497117397,-0.3554190694055875,1.0584268090189637,-0.5335134675306499
0.04870181167889305,-0.8780306994756706,-0.20595067005091097,0.3778163434624858,-0.476251756062178,-0.0410814066009223,0.536371410316978,-0.7916705670141356
-0.25052211927622614,0.6662560094983491,0.639969292507115,-1.4717412794269835,0.5461186732238262,0.003823973799743697,-0.9071643230066333,2.56437172627118
0.04870181167889305,0.041969893104596444,-0.8826866400973318,-0.7101587288254373,-0.4224427860997567,-0.05604986673447799,-0.8160674077968908,0.15490546442531233
0.3479257426340122,-0.8451735354549468,0.13241731497229942,-1.1453487577406065,-1.0015297961715286,0.18344549540240981,1.88530650092278,0.8433243963812745
-1.1481939121415836,0.5348273534154537,0.7245612887629176,0.6824493637031039,0.02084063311447577,0.587593919008407,1.661067940406491,-0.7056182005196404
-0.5497460502313453,0.20625571320821554,-0.7135026475857266,1.465791415750409,1.0534603900123696,1.14142694394996,2.2496941617617496,-0.7916705670141356
-1.1481939121415836,-0.6480305513306038,-1.7286066026553577,-0.9930322476202975,-0.7862939163218433,-1.0888736159498056,-1.3346190789908094,-1.0498276664976214
-0.5497460502313453,0.7976846655812443,0.25084610973042354,-0.05737368545268345,-0.3916948032640875,-0.7296305727444743,-0.7670152226839526,-0.44746110103615455
1.844045397409608,-0.6808877153513276,1.1475212700419306,0.9218038796064474,0.31294647005333387,1.9796607114290667,2.372324624544095,0.41306256390879814
-0.5497460502313453,-0.4508875672062609,-0.8826866400973318,0.3778163434624858,-1.1424580508350128,-1.0739051558162502,-1.1594327035874585,-1.0498276664976214
-0.25052211927622614,0.009112729083872622,0.4707852999955098,-0.8624752389457464,-0.7504212696802293,-1.4032112787544706,-0.7179630375710143,0.5851672968977887
-0.8489699811864645,-1.6666026359730421,0.4707852999955098,2.3361714735807473,-1.283386305498497,0.12357165486818812,-0.12933681621575538,-1.0498276664976214
2.7417171902749655,-0.5166018952477085,-0.20595067005091097,0.22549983334217671,-0.38400780755517006,0.2732562562037429,-0.7284742200952155,1.617795694831732
-0.5497460502313453,-0.7137448793720514,-0.20595067005091097,2.553766488038332,-1.1296463913201507,1.2162692446177372,0.7641136983413344,-0.7056182005196404
0.9463736045442506,-0.5166018952477085,-1.0518706326089369,-0.4925637143678527,-0.4198804541967842,-0.879315174080029,-0.5708064822321997,-0.3614087345416593
-1.1481939121415836,-0.5823162232891561,-0.7135026475857266,-0.6013612215966451,-0.3737584799432804,-0.6847251923438078,-0.017217535957610716,-0.877722933508631
0.3479257426340122,-0.25374458308191794,0.13241731497229942,-0.8842347403915052,-0.6069306831137725,-1.118810536216917,0.9988634413818245,2.0480575273042083
-0.5497460502313453,-0.4508875672062609,-0.8826866400973318,-2.015728815570945,1.7017303614643973,-1.0589366956826947,1.478874109987006,-0.9637753000031262
-1.1481939121415836,0.7976846655812443,-0.20595067005091097,0.9000443781606886,0.6511742812456962,0.8270892811452948,-0.43766483692565283,-0.44746110103615455
1.844045397409608,0.23911287722893937,0.3016013074839046,-0.05737368545268345,-0.2968885228541071,0.5277200784741853,-0.6268661223612718,0.4991149304032934
0.9463736045442506,0.37054153331183465,1.3167052625535358,-1.4717412794269835,0.12589624113634573,0.003823973799743697,-0.6899332175064782,0.32701019741430287
0.9463736045442506,1.2905421258921017,1.1475212700419306,0.4430948477997613,0.23351418106118796,-0.2955452288713658,-1.029794785788979,1.1875338623592555
-0.5497460502313453,-0.4508875672062609,0.639969292507115,-0.6013612215966451,-0.545434717442434,-0.8044728734122517,-0.7004444000306792,1.617795694831732
0.9463736045442506,0.4691130253740061,0.13241731497229942,-0.27496869991026807,-0.1303369491608984,-0.9541574747478064,0.6590018730993238,1.5317433283372366
0.3479257426340122,1.0933991417677587,0.9783372775303254,1.6833864302079935,2.5489013468846613,0.9468369622137393,0.5608975028734472,0.06885309793081706
-0.8489699811864645,-0.08945876297829884,1.1475212700419306,1.139398894064032,0.9586541096023892,1.9796607114290667,1.2231020018981138,-0.3614087345416593
0.04870181167889305,-0.8451735354549468,-1.3902386176321473,-1.2541462649693988,-1.2321396674390481,-1.732517401692691,-0.41664247187725073,-0.6195658340251451
0.3479257426340122,-0.4508875672062609,-0.036766677539305785,1.5745889229792012,-0.8990365200526308,0.5576569987412967,-0.6864294899984111,-0.017199268563678212
-1.1481939121415836,-1.4366024878279755,1.3167052625535358,0.051423821776108866,-1.347444603072808,0.6774046798097401,-0.08729208611895113,-1.0498276664976214
-1.1481939121415836,-0.4837447312269847,-0.8826866400973318,0.1602213290049012,-0.9118481795674931,0.632499299409074,1.0444118989866957,-0.7056182005196404
-0.5497460502313453,0.20625571320821554,0.4707852999955098,0.9218038796064474,0.4718110480376253,1.6353861283572901,2.596563185060384,-0.18930400155266874
-0.8489699811864645,0.20625571320821554,-2.066974587678568,1.7921839374367858,0.6255509622159718,1.2162692446177372,0.539875137825045,-0.7916705670141356
-1.1481939121415836,1.2905421258921017,-1.897790595166963,-0.7971967346084713,0.9253437948637475,-1.567864340223581,-0.7179630375710143,2.7364764592601705
0.6471496735891314,0.9619704856848634,-0.8826866400973318,0.2690188362336935,-0.32251184188383153,0.4678462379399636,0.8166696109623394,-0.44746110103615455
-0.5497460502313453,0.7976846655812443,-0.20595067005091097,1.0306013868352397,2.5489013468846613,-0.654788272076697,-0.4271536544014518,-0.3614087345416593
-1.1481939121415836,0.1405413851667679,0.9783372775303254,0.051423821776108866,0.8945958120280781,-0.25063984847069926,0.21402847957481247,-0.7916705670141356
2.891329155752525,-0.7137448793720514,0.4707852999955098,-0.3837662071390604,0.4974343670673497,0.632499299409074,-0.1643740912964256,1.1014814958647603
1.2455975354993696,-0.3194589111233656,-0.036766677539305785,-1.1235892562948477,-0.6248670064345797,-1.3134005179531376,1.3352212821562581,2.1341098937987035
-1.1481939121415836,1.4876851100164445,-0.0029298790369842688,0.2690188362336935,-0.14571094057873293,-0.01114448633381199,1.331717554648191,-0.275356368047164
-0.5497460502313453,0.7319703375397967,-1.221054625120542,0.4866138506912781,-0.1303369491608984,-0.11592370726869967,-0.12933681621575538,-0.7056182005196404
0.3479257426340122,-1.4694596518486993,0.8091532850187202,1.3569939085216167,-1.3218212840430836,0.5127516183406297,-1.0613283333615822,0.15490546442531233
0.3479257426340122,-0.22088741906119413,2.1626252251115616,1.8574624417740615,0.5999276431862474,2.675694107639396,-0.8756307754340302,-0.44746110103615455
-0.25052211927622614,0.9291133216641396,0.3016013074839046,-0.9059942418372636,-0.15339793628765053,-1.70258048142558,-0.8826382304501641,0.32701019741430287
-0.5497460502313453,-0.05660159895757502,0.3016013074839046,0.9218038796064474,-0.5146867346067646,1.096521563549294,-0.8546084103856281,-0.3614087345416593
1.844045397409608,1.2905421258921017,-0.37513466256251615,-0.6013612215966451,-0.16877192770548505,-1.0289997754155837,-0.465694656990189,1.1875338623592555
-1.1481939121415836,0.5019701893947299,-0.37513466256251615,-1.5805387866557756,0.03621462453231027,-1.133778996350472,-1.1068767909664534,-1.0498276664976214
-1.1481939121415836,0.20625571320821554,-0.37513466256251615,-1.0365512505118142,0.4461877290079009,-0.2805767687378101,2.596563185060384,-0.7056182005196404
-0.5497460502313453,0.07482705712532027,-0.37513466256251615,-0.05737368545268345,0.7664792168794561,0.07866627446752107,1.4578517449386037,-0.275356368047164
0.6471496735891314,-1.370888159786528,-0.5443186550741214,0.1602213290049012,-1.0117791237834184,-0.9242205544806956,-0.5112431145950603,0.6712196633922839
-1.1481939121415836,-0.5166018952477085,-0.20595067005091097,0.9218038796064474,0.03621462453231027,1.0516161831486268,0.5118453177605089,-0.9637753000031262
-0.5497460502313453,1.0933991417677587,0.13241731497229942,-1.2541462649693988,-0.6299916702405245,-0.8643467139464733,-0.09079581362701816,-0.5335134675306499
-0.25052211927622614,-0.28660174710264175,-1.897790595166963,-2.015728815570945,-0.7709199249040087,-0.43026137007336485,0.5854235954299163,-0.7056182005196404
0.9463736045442506,-0.418030403185537,0.639969292507115,0.2690188362336935,0.15151956016607013,0.5277200784741853,2.340791076971492,0.8433243963812745
-0.5497460502313453,-0.3194589111233656,-0.37513466256251615,-0.7101587288254373,-0.6556149892702489,0.2582877960701872,-0.5042356595789262,-0.6195658340251451
-0.25052211927622614,-0.7466020433927752,0.639969292507115,-1.9069313083421529,-1.0399647747161151,-1.957044303696023,-0.6128512123290039,-0.275356368047164
-0.25052211927622614,1.9805425703273019,0.13241731497229942,-0.2532091984645097,0.5512433370297708,-0.2805767687378101,-0.39912383433691584,-0.3614087345416593
-0.25052211927622614,-0.22088741906119413,-0.5443186550741214,1.139398894064032,-0.06627865158658738,0.8570262014124062,-1.0823506984099844,-0.44746110103615455
0.6471496735891314,2.3748285385759877,0.4707852999955098,-0.8407157374999881,0.7792908763943183,-1.3283689780866932,-1.1559289760793916,2.2201622602931987
0.04870181167889305,0.23911287722893937,-1.0518706326089369,-1.7981338011133605,1.0995823642658735,-0.7296305727444743,0.23855457213128162,-0.18930400155266874
-0.25052211927622614,-0.3194589111233656,0.13241731497229942,0.1602213290049012,-0.44806610512948114,-0.11592370726869967,-0.9176755055308343,-0.7056182005196404
-1.1481939121415836,0.07482705712532027,-0.20595067005091097,-0.927753743283022,-0.4583154327413708,-0.74459903287803,-0.7179630375710143,0.2409578309198076
2.7417171902749655,0.9948276497055872,1.485889255065141,0.4866138506912781,-1.4883728577362925,-0.8344097936793625,0.9533149837769531,0.8433243963812745
-0.5497460502313453,-0.3194589111233656,0.217009311228102,0.3778163434624858,0.6281132941189441,0.49778315820707497,-1.0893581534261183,-1.0498276664976214
-0.8489699811864645,1.1591134698092063,-0.036766677539305785,-0.8189562360542296,0.2924478148295544,-1.0140313152820282,-1.1769513411277936,-0.7916705670141356
-0.8489699811864645,0.009112729083872622,-0.7135026475857266,0.3778163434624858,0.13870790065120794,0.4079723974057419,0.8166696109623394,-0.275356368047164
1.844045397409608,1.8819710782651304,-0.20595067005091097,0.5301328535827949,0.5717419922535507,0.4079723974057419,-0.9071643230066333,0.32701019741430287
-0.5497460502313453,-0.6480305513306038,1.1475212700419306,0.813006372377655,-0.32251184188383153,1.964692251295511,-1.1629364310955257,-0.877722933508631
0.6471496735891314,-0.5494590592684323,-0.20595067005091097,0.3778163434624858,-0.9887181366566663,-0.23567138833714357,-1.1804550686358608,0.32701019741430287
1.2455975354993696,-0.12231592699902266,-0.036766677539305785,-1.0365512505118142,-0.5966813555018828,-1.388242818620915,2.596563185060384,1.1014814958647603
-0.5497460502313453,-1.140888011641461,-1.221054625120542,-1.3629437721981912,-1.1937046888944616,0.04872935420041076,-1.026291058280912,-0.7056182005196404
-0.8489699811864645,1.9148282422858542,0.7753164865163986,0.6824493637031039,2.3833106476550663,1.6353861283572901,-0.619858667345138,0.6712196633922839
2.4424932593198463,-0.5166018952477085,0.639969292507115,-1.2759057664151572,-0.8811001967318237,-1.3134005179531376,-1.1278991560148555,0.9293767628757698
-0.8489699811864645,-0.8780306994756706,-1.0518706326089369,-1.1453487577406065,-1.1168347318052882,-1.2684951375524716,-0.6969406725226123,-0.9637753000031262
-1.1481939121415836,1.421970781974997,0.3016013074839046,1.5745889229792012,1.4070621926225664,2.323935294500842,-0.7004444000306792,-0.6195658340251451
-1.1481939121415836,-0.1551730910197465,-0.47664505806947954,0.11670232611338441,-0.4403791094205637,0.21338241566952013,1.657564212898424,0.9293767628757698
0.3479257426340122,-0.22088741906119413,0.3016013074839046,-0.44904471147633596,-0.4608777646443433,-0.1757975478029219,-0.40613128935304965,0.9293767628757698
1.5448214664544888,0.9948276497055872,0.4707852999955098,0.5954113579200705,0.33088279337414106,0.2732562562037429,1.5209188400838103,-0.017199268563678212
0.9463736045442506,1.8491139142444066,0.9783372775303254,0.9218038796064474,2.5489013468846613,1.1264584838164042,-0.4481760194498539,0.6712196633922839
-0.8489699811864645,0.2719700412496632,-0.20595067005091097,-1.6893362938845682,-0.5146867346067646,-0.9691259348813621,0.04584955918759547,-0.9637753000031262
-0.8489699811864645,-0.8780306994756706,0.13241731497229942,-0.8189562360542296,-0.9246598390823553,-0.9691259348813621,0.7500987883090663,0.2409578309198076
-0.8489699811864645,0.11425565395018894,-0.37513466256251615,0.7042088651488627,0.945842450087527,-0.05604986673447799,-0.2449598239819669,-0.9637753000031262
0.3479257426340122,0.009112729083872622,1.1475212700419306,-0.2532091984645097,0.33088279337414106,0.34809855687152025,-0.5918288472806018,-0.017199268563678212
1.2455975354993696,-0.8780306994756706,-0.036766677539305785,0.7042088651488627,-0.08677730681036684,0.6624362196761844,0.09139801679246674,2.0480575273042083
1.2455975354993696,0.1405413851667679,1.3167052625535358,0.813006372377655,-0.476251756062178,0.9169000419466278,-0.3851089243046477,1.3596385953482462
-0.8489699811864645,0.5676845174361775,-2.2361585801901733,-1.0365512505118142,-0.7965432439337332,-0.5500090511418088,0.6835279656557929,-0.9637753000031262
-0.25052211927622614,-0.1880302550404703,0.33543810598622614,-0.927753743283022,-0.5326230579275718,-1.3283689780866932,-0.9527127806115046,-0.877722933508631
-0.25052211927622614,-0.7466020433927752,-0.8826866400973318,-1.0365512505118142,-0.9118481795674931,-1.5828328003571361,-0.6303698498693389,-0.6195658340251451
0.3479257426340122,0.21282714601235994,0.639969292507115,0.3778163434624858,0.3462567847919755,1.2911115452855146,-0.3956201068288488,0.32701019741430287
0.04870181167889305,-0.976602191537842,0.639969292507115,0.22549983334217671,-0.325074173786804,1.4707330668881808,-0.7775264052081537,-0.3614087345416593
0.04870181167889305,0.5019701893947299,0.9783372775303254,-0.16617119268147576,1.073959045236149,-0.1757975478029219,-0.7249704925871484,-0.275356368047164
-0.25052211927622614,-1.9951742761802804,0.8091532850187202,-0.05737368545268345,-0.981031140947749,0.3031931764708532,-0.7565040401597516,1.1014814958647603
-0.8489699811864645,-1.0423165195792896,-0.8826866400973318,-1.7981338011133605,-1.3090096245282214,-0.7745359531451409,0.42425213005883333,-0.7916705670141356
-0.25052211927622614,-1.0423165195792896,0.4707852999955098,0.4430948477997613,-0.5121244027037921,1.5455753675559583,0.3506738523894263,-1.0498276664976214
1.5448214664544888,1.421970781974997,1.3167052625535358,0.4430948477997613,0.3001348105384717,-0.2955452288713658,-0.5497841171837975,1.3596385953482462
-0.8489699811864645,0.10768422114604409,-1.897790595166963,1.2481964012928244,0.2796361553146922,0.13854011500174276,1.762676038140434,-0.44746110103615455
2.7417171902749655,0.23911287722893937,1.4520524565628194,0.1602213290049012,-0.2968885228541071,1.1264584838164042,0.3857111274700961,0.9293767628757698
2.4424932593198463,-1.1080308476207372,0.13241731497229942,1.2481964012928244,-1.1680813698647372,0.43790931767285224,-0.28350082657070413,1.273586228853751
-0.8489699811864645,2.4405428666174354,0.3016013074839046,0.813006372377655,1.3301922355333933,0.6175308392755183,1.4578517449386037,-0.3614087345416593
0.3479257426340122,2.2105427184723685,-0.7135026475857266,0.4866138506912781,2.303878358662921,-0.1757975478029219,0.4347633125830344,-0.3614087345416593
0.3479257426340122,1.1919706338299303,-0.20595067005091097,0.007904818884592097,0.4743733799405976,-0.3853559896726983,-0.8826382304501641,2.56437172627118
0.3479257426340122,-0.61517338730988,2.6701772026463773,0.9218038796064474,-0.5198113984127094,1.0216792628815166,-0.5392729346595965,2.7364764592601705
0.04870181167889305,0.7976846655812443,0.4707852999955098,0.9870823839437229,0.6486119493427239,0.9169000419466278,0.21402847957481247,2.8655550090019135
0.04870181167889305,0.8305418296019681,0.13241731497229942,-0.3837662071390604,1.8939052541873302,0.37803547713863056,-0.258974734014235,-0.275356368047164
0.3479257426340122,-0.7466020433927752,-1.5594226101437525,-0.05737368545268345,-0.7965432439337332,0.2433193359366315,0.14045020190540505,-0.275356368047164
0.6471496735891314,0.07482705712532027,-0.036766677539305785,-0.5578422187051283,-0.4583154327413708,-0.7146621126109186,-0.3185381016513743,-0.3614087345416593
-1.1481939121415836,-0.6808877153513276,-0.7135026475857266,-1.2541462649693988,-0.8606015415080442,-1.70258048142558,-0.7249704925871484,-1.0498276664976214
-0.25052211927622614,-1.338030995765804,1.1475212700419306,-1.3629437721981912,-1.0143414556863908,-0.7296305727444743,-0.5357692071515294,-0.9637753000031262
-0.8489699811864645,0.37054153331183465,2.500993210134772,-0.05737368545268345,-0.06627865158658738,0.06369781433396537,-0.7880375877323547,1.015429129370265
-0.25052211927622614,1.6848280941407876,0.8091532850187202,2.118576459123163,2.5489013468846613,0.9019315818130721,2.596563185060384,-0.7056182005196404
-1.1481939121415836,-0.12231592699902266,-0.7135026475857266,-0.6013612215966451,-0.7196732868445599,-0.8194413335458074,2.596563185060384,-1.0498276664976214
-1.1481939121415836,-1.2394595037036327,-0.7135026475857266,-0.7101587288254373,-1.0143414556863908,0.5127516183406297,0.30162166727648804,-1.0498276664976214
-0.5497460502313453,-0.5494590592684323,-1.221054625120542,1.2481964012928244,-0.6556149892702489,0.37803547713863056,-0.8195711353049578,-0.7056182005196404
-0.5497460502313453,0.009112729083872622,-1.7286066026553577,1.5745889229792012,0.16433121968093234,0.5726254588748524,1.2511318219626495,-0.44746110103615455
2.4424932593198463,0.6005416814569015,0.8091532850187202,1.5745889229792012,2.303878358662921,1.0216792628815166,0.24205829963934866,2.1341098937987035
-1.1481939121415836,-0.7794592074134991,0.8091532850187202,-1.4717412794269835,-0.783731584418871,-1.0739051558162502,-0.5602952997079986,-0.9637753000031262
-0.8489699811864645,-1.140888011641461,-1.0518706326089369,0.9218038796064474,-0.8990365200526308,0.7223100602104071,0.17548747698607525,-0.9637753000031262
0.04870181167889305,1.1262563057884825,0.217009311228102,1.4222724128588922,0.5486810051267985,2.383809135035064,-0.7740226777000867,-0.10325163505817349
-1.1481939121415836,-0.9437450275171182,2.331809217623167,1.139398894064032,-0.9374714985972175,1.650354588490846,1.9693959611163878,0.15490546442531233
-0.8489699811864645,-0.4837447312269847,-0.036766677539305785,0.1602213290049012,-0.8093549034485954,-0.23567138833714357,1.2686504595029846,-0.7916705670141356
-1.1481939121415836,-0.5494590592684323,-0.37513466256251615,-0.7101587288254373,-0.9759064771418041,-1.8522650827611349,-0.7810301327162207,-0.9637753000031262
-0.8489699811864645,-0.418030403185537,-1.0518706326089369,-2.23332383002853,0.4718110480376253,-1.0439682355491395,1.710120125519429,-1.0498276664976214
-0.8489699811864645,-1.0423165195792896,-0.8826866400973318,-1.1453487577406065,-1.104023072290426,-1.0888736159498056,2.596563185060384,-0.7056182005196404
-0.8489699811864645,0.10768422114604409,-0.20595067005091097,-0.4925637143678527,-0.4506284370324536,-1.2086212970182493,-0.8335860453372259,-0.7056182005196404
-0.8489699811864645,-0.08945876297829884,-1.5594226101437525,-1.6893362938845682,-1.219328007924186,-1.507990499689359,-0.8896456854662982,-0.7916705670141356
0.3479257426340122,-0.1880302550404703,0.13241731497229942,0.051423821776108866,-0.3763208118462528,-0.01114448633381199,0.704550330704195,0.15490546442531233
1.2455975354993696,-0.5494590592684323,2.331809217623167,0.813006372377655,-0.09190197061631179,1.6353861283572901,-0.7705189501920197,1.015429129370265
0.3479257426340122,0.7319703375397967,0.8091532850187202,-0.27496869991026807,1.7914119780684326,-0.05604986673447799,-0.024224990973744757,2.1341098937987035
-0.25052211927622614,-0.7137448793720514,-0.37513466256251615,-0.6013612215966451,-0.8221665629634576,-0.11592370726869967,1.717127580535563,-0.44746110103615455
-0.8489699811864645,-0.7137448793720514,-0.5443186550741214,0.051423821776108866,0.6511742812456962,-0.05604986673447799,-0.052254811038280925,0.7572720298867792
0.3479257426340122,1.4548279459957207,0.3016013074839046,0.8782848767149306,0.8997204758340231,1.9946291715626223,-0.41664247187725073,-0.5335134675306499
-0.8489699811864645,0.30482720527038704,-0.7135026475857266,-1.5805387866557756,2.5489013468846613,-1.2984320578195825,-0.2449598239819669,-1.0498276664976214
0.04870181167889305,-0.1880302550404703,-0.036766677539305785,-1.7981338011133605,-0.7452966058742844,-1.5379274199564696,0.014316011614992475,0.32701019741430287
0.04870181167889305,1.1919706338299303,0.4707852999955098,0.3778163434624858,0.01827830121150311,0.07866627446752107,1.2055833643577787,-0.18930400155266874
-0.5497460502313453,0.17339854918749173,-1.221054625120542,-0.4925637143678527,1.6632953829198105,-0.6996936524773635,2.596563185060384,-0.7056182005196404
-0.25052211927622614,-0.8451735354549468,-1.3902386176321473,0.5954113579200705,-0.38657013945814256,-1.1487474564840277,1.699608942995228,0.4991149304032934
-1.1481939121415836,0.30482720527038704,-0.5443186550741214,1.2481964012928244,0.4718110480376253,0.2882247163372975,-0.9211792330389014,-0.9637753000031262
-0.25052211927622614,-1.3051738317450803,-0.20595067005091097,-1.5152602823185004,-1.2218903398271586,-1.6876120212920245,-0.2449598239819669,-0.7056182005196404
-0.25052211927622614,2.3419713745552637,-0.20595067005091097,0.2690188362336935,1.1354550109074877,0.37803547713863056,-0.7635114951758856,-0.7056182005196404
0.04870181167889305,-0.8780306994756706,-0.7135026475857266,-0.035614184006925065,-0.3788831437492253,-0.05604986673447799,-1.043809695821247,-0.18930400155266874
0.6471496735891314,0.5019701893947299,-0.9672786363531344,-0.6231207230424034,1.1098316918777633,-1.223589757151805,-1.0788469709019173,1.8759527943152177
0.3479257426340122,0.4691130253740061,0.9783372775303254,1.3569939085216167,-0.7324849463594222,0.39300393727218624,-0.6058437573128699,0.15490546442531233
1.5448214664544888,-1.6337454719523183,0.4707852999955098,-0.3837662071390604,-1.1065854041933987,-0.11592370726869967,-0.6268661223612718,0.41306256390879814
0.3479257426340122,1.5205422740371684,-0.7135026475857266,-0.2532091984645097,0.7792908763943183,0.07866627446752107,-1.1349066110309896,0.6712196633922839
-0.5497460502313453,0.041969893104596444,-2.066974587678568,0.3778163434624858,0.2540128362849678,1.455764606754625,0.21402847957481247,-0.6195658340251451
0.04870181167889305,-0.22088741906119413,-0.036766677539305785,-0.6013612215966451,-0.8606015415080442,-0.520072130874698,-0.29050828158683817,1.1014814958647603
-1.1481939121415836,-0.6808877153513276,-0.8826866400973318,-0.5578422187051283,-0.6761136444940286,-1.567864340223581,-0.4306573819095188,-0.7056182005196404
1.2455975354993696,2.4734000306381594,0.13241731497229942,0.1384618275591428,1.5633644387038852,-0.9691259348813621,2.5650296374877817,0.4991149304032934
-0.8489699811864645,1.6519709301200636,-0.37513466256251615,2.227373966351955,2.5489013468846613,1.500669987155291,0.8517068860430096,-0.44746110103615455
0.6471496735891314,-0.6480305513306038,1.485889255065141,1.139398894064032,-0.15083560438467788,0.49778315820707497,0.7536025158171333,-0.44746110103615455
-0.8489699811864645,-0.3194589111233656,-0.036766677539305785,0.1602213290049012,0.3949410909484521,0.3031931764708532,0.24205829963934866,-0.7056182005196404
-0.8489699811864645,0.6991131735190729,0.9783372775303254,-0.6013612215966451,2.111703465939988,1.500669987155291,2.1621009740600745,-0.9637753000031262
-0.8489699811864645,0.6991131735190729,0.13241731497229942,-0.7101587288254373,-1.0783997532607017,-0.9242205544806956,-0.7109555825548803,-1.0498276664976214
-1.1481939121415836,0.5348273534154537,-1.0518706326089369,0.7042088651488627,0.2796361553146922,0.33313009673796457,0.26308066468775076,-1.0498276664976214
-0.25052211927622614,1.6848280941407876,0.9783372775303254,0.4866138506912781,2.5489013468846613,0.49778315820707497,-0.7039481275387462,-0.9637753000031262
-0.8489699811864645,-0.8123163714342229,-0.37513466256251615,-0.8189562360542296,-0.8811001967318235,-0.7745359531451409,2.2286717967133476,-0.9637753000031262
0.04870181167889305,0.7319703375397967,0.8091532850187202,0.3778163434624858,0.29501014673252673,0.9169000419466278,0.3331552148490912,0.32701019741430287
-0.8489699811864645,-1.2723166677243565,-0.37513466256251615,-1.5152602823185004,-1.0783997532607017,-2.1216973651651334,0.5784161404137823,-0.5335134675306499
-0.25052211927622614,0.23911287722893937,-0.7135026475857266,0.051423821776108866,-0.38657013945814256,-0.8942836342135847,-0.84059350035336,-0.44746110103615455
-0.8489699811864645,-0.08945876297829884,1.3167052625535358,1.3569939085216167,0.3180711338592788,1.9347553310283996,0.16848002196994122,-0.6195658340251451
-0.5497460502313453,-0.9108878634963944,-0.37513466256251615,-1.1453487577406065,-0.8862248605377686,-0.9541574747478064,0.35768130740556037,-1.0498276664976214
-1.1481939121415836,-0.6480305513306038,-0.7135026475857266,1.9009814446655782,-0.8606015415080442,1.231237704751293,0.12993901938120397,-1.0498276664976214
-0.5497460502313453,-0.22088741906119413,-0.7135026475857266,-0.7101587288254373,-0.5505593812483788,-0.23567138833714357,-0.1328405437238224,-1.0498276664976214
1.2455975354993696,0.9619704856848634,0.4707852999955098,0.3778163434624858,0.8305375144537671,1.5755122878230685,0.2000135695425444,0.2409578309198076
0.04870181167889305,2.0462568983687497,0.4707852999955098,1.139398894064032,1.688918701949535,0.6923731399432957,-0.6829257624903441,-0.18930400155266874
-1.1481939121415836,-0.9108878634963944,-0.2905426663067136,-0.9059942418372632,-0.8503522138961545,-0.6937062684239415,-0.7109555825548803,-0.7056182005196404
-0.8489699811864645,1.947685406306578,-0.7135026475857266,0.1602213290049012,0.4461877290079009,0.2582877960701872,-0.458687201974055,0.41306256390879814
-1.1481939121415836,0.4362558613532823,1.8242572400883514,1.9009814446655782,-0.002220354012276347,1.231237704751293,-0.6128512123290039,-0.6195658340251451
-0.8489699811864645,-0.8780306994756706,0.8091532850187202,-0.3837662071390604,0.4461877290079009,0.39300393727218624,-0.7915413152404217,0.8433243963812745
-0.5497460502313453,-0.7466020433927752,0.28468290823274384,-0.7754372331627128,-0.8247288948664299,-1.5229589598229145,-1.229507253748799,-0.877722933508631
-0.25052211927622614,-1.0751736836000134,0.13241731497229942,-1.3629437721981912,-0.7709199249040087,-0.2955452288713658,0.32264403232489014,0.41306256390879814
-0.8489699811864645,-1.370888159786528,0.13241731497229942,-1.9069313083421529,-1.0912114127755639,-0.3554190694055875,0.23855457213128162,-0.9637753000031262
-0.5497460502313453,0.5676845174361775,0.217009311228102,-0.3402472042475436,-0.6838006402029458,-1.0140313152820282,-1.022787330772845,-0.3614087345416593
-0.8489699811864645,-1.0423165195792896,-0.37513466256251615,-2.23332383002853,-0.42500511800272917,-1.1786843767511386,2.379332079560229,0.2409578309198076
-1.1481939121415836,0.6333988454776253,-0.39205306181367694,0.5083733521370369,1.5684891025098304,1.500669987155291,-0.8896456854662982,-0.3614087345416593
2.4424932593198463,0.6005416814569015,1.062929273786128,0.4866138506912781,-0.030406004944973055,0.7522469804775174,-0.7530003126516845,0.6712196633922839
0.3479257426340122,0.8305418296019681,0.217009311228102,0.09494282466762564,-0.09958896632522905,-0.37038752953914317,-0.08729208611895113,-0.44746110103615455
-0.8489699811864645,-0.8123163714342229,-0.20595067005091097,-1.4717412794269835,-1.1962670207974342,-2.1216973651651334,-1.0928618809341855,-1.0498276664976214
0.6471496735891314,-0.4837447312269847,1.3167052625535358,0.3778163434624858,-0.5787450321810756,0.6624362196761844,0.939300073744685,-0.18930400155266874
-1.1481939121415836,2.2105427184723685,2.6701772026463773,-0.3837662071390604,0.6076146388951646,0.2882247163372975,-0.08378835861088411,0.6712196633922839
-0.5497460502313453,-1.2723166677243565,-0.5443186550741214,-0.6013612215966451,-1.219328007924186,-0.026112946467366612,0.133442746889271,-0.9637753000031262
0.04870181167889305,-0.1551730910197465,-0.7135026475857266,-0.16617119268147576,-0.32251184188383153,0.12357165486818812,-0.8020524977646227,-0.7916705670141356
1.2455975354993696,-0.4508875672062609,-0.20595067005091097,0.07318332322186726,-0.7401719420683394,-0.2805767687378101,1.738149945583965,-0.017199268563678212
0.04870181167889305,-0.1551730910197465,-0.8826866400973318,-1.7981338011133605,0.4794980437465426,-0.400324449806254,-0.2764933715545701,-0.275356368047164
-1.1481939121415836,1.9148282422858542,0.4707852999955098,2.825760256110313,-1.6805477504592254,2.675694107639396,2.596563185060384,-0.7056182005196404
-0.8489699811864645,-0.7137448793720514,-0.036766677539305785,-1.7981338011133605,-0.9630948176269418,-1.0589366956826947,0.697542875688061,-0.44746110103615455
-1.1481939121415836,-0.8780306994756706,0.639969292507115,1.7921839374367858,-0.6812383082999733,0.6175308392755183,-0.45167974695792096,-0.6195658340251451
-1.1481939121415836,-0.5823162232891561,-0.7135026475857266,0.9218038796064474,-1.0399647747161151,0.18344549540240981,0.17899120449414227,-0.9637753000031262
-1.1481939121415836,-0.05660159895757502,0.13241731497229942,-1.1453487577406065,-1.0527764342309773,-0.2805767687378101,-0.6093474848209369,-0.6195658340251451
-0.8489699811864645,-1.3051738317450803,-0.7135026475857266,-1.6893362938845682,-0.6428033297553867,-1.6726435611584693,-0.15386290877222453,-0.877722933508631
-0.5497460502313453,0.40339869733255845,-0.20595067005091097,-0.3837662071390604,0.43850073329898365,-0.520072130874698,0.29111048475228696,-0.877722933508631
-1.1481939121415836,-1.0094593555585658,-0.37513466256251615,0.3778163434624858,0.8305375144537671,1.1264584838164042,-0.27298964404650305,-0.7056182005196404
-0.5497460502313453,-0.08945876297829884,0.2677645089815831,-1.4282222765354664,-0.1610849319965678,-1.9121389232953565,1.307191462091722,2.8655550090019135
-0.5497460502313453,-0.7137448793720514,-1.5594226101437525,-0.05737368545268345,-0.5146867346067646,0.8121208210117391,0.136946474397338,-0.7916705670141356
2.891329155752525,1.7505424221822352,-0.8826866400973318,0.1602213290049012,1.2686962698620545,0.18344549540240981,-0.8651195929098291,0.41306256390879814
-0.8489699811864645,0.4362558613532823,-1.5594226101437525,-0.5143232158136111,0.8997204758340231,-0.8493782538129182,0.7991509734220046,2.478319359776685
0.3479257426340122,-1.1737451756621848,-0.37513466256251615,-0.05737368545268345,-0.9502831581120796,-0.3254821491384766,-0.33255301168364243,-0.7916705670141356
1.844045397409608,0.863398993622692,0.9783372775303254,2.118576459123163,1.1764523213550466,0.7821839007446287,1.8993214109550476,1.5317433283372366
1.5448214664544888,0.40339869733255845,0.13241731497229942,0.4866138506912781,-1.0912114127755639,-0.9691259348813621,0.003804829090791412,2.8655550090019135
1.5448214664544888,-0.05660159895757502,-0.036766677539305785,-0.7101587288254373,-1.1424580508350128,-1.732517401692691,0.9603224387930872,1.273586228853751
-0.8489699811864645,-1.6666026359730421,-0.8826866400973318,-1.1453487577406065,-1.2987602969163317,-1.5828328003571361,-0.1503591812641575,-0.6195658340251451
1.2455975354993696,-1.5680311439108707,-0.20595067005091097,1.2481964012928244,-1.2321396674390481,0.43790931767285224,0.8622180685672106,0.4991149304032934
0.3479257426340122,-1.1080308476207372,0.4707852999955098,0.1602213290049012,-0.9041611838585758,-0.7146621126109186,-0.7039481275387462,0.32701019741430287
1.844045397409608,-0.22088741906119413,2.1626252251115616,-1.4717412794269835,-0.1867082510262922,-1.253526677418916,1.9728996886244554,0.06885309793081706
-1.1481939121415836,0.07482705712532027,-1.3902386176321473,-1.6893362938845682,-0.5146867346067646,-1.5828328003571361,-0.024224990973744757,-1.0498276664976214
-1.1481939121415836,-1.5680311439108707,-1.7286066026553577,-2.015728815570945,-1.398691241132257,-0.6847251923438078,-0.665407124950009,-0.9637753000031262
-1.1481939121415836,-0.8123163714342229,-0.7135026475857266,0.813006372377655,-0.5787450321810756,0.6624362196761844,0.4943266802201738,-0.7056182005196404
1.2455975354993696,-0.05660159895757502,-0.5781554535764429,-0.7971967346084713,-0.4096311265848945,-0.3554190694055875,-0.9667276906437726,0.41306256390879814
0.6471496735891314,1.0605419777470348,0.4707852999955098,1.3569939085216167,-0.06627865158658738,2.054503012096844,0.39271858248623015,-0.5335134675306499
-0.8489699811864645,0.7319703375397967,0.8091532850187202,1.2481964012928244,1.8093483013892395,1.3360169256861807,0.5188527727766429,-0.44746110103615455
-1.1481939121415836,0.5019701893947299,-0.20595067005091097,1.0306013868352397,0.7664792168794561,0.12357165486818812,-1.012276148248644,-0.9637753000031262
-1.1481939121415836,-0.08945876297829884,-0.5443186550741214,-0.16617119268147576,-0.5941190235989101,0.9618054223472938,-0.7004444000306792,-0.9637753000031262
0.9463736045442506,0.4691130253740061,1.485889255065141,0.02966432033035048,1.3686272140779798,-0.37038752953914317,-0.8721270479259632,1.4456909618427414
0.04870181167889305,-0.25374458308191794,-0.7135026475857266,-0.7101587288254373,-0.27638986763032763,-0.520072130874698,-1.1664401586035926,-0.7916705670141356
-1.1481939121415836,0.5019701893947299,0.9783372775303254,-0.16617119268147576,0.3026971424414443,-0.7595674930115851,-0.7985487702565557,2.2201622602931987
-0.5497460502313453,-0.5494590592684323,0.639969292507115,1.7921839374367858,0.5871159836713852,0.1984139555359655,0.8832404336156128,-0.3614087345416593
0.9463736045442506,-0.25374458308191794,0.3016013074839046,-1.2541462649693988,-0.4506284370324536,-1.2834635976860267,0.02482719413919354,-0.18930400155266874
1.2455975354993696,0.1405413851667679,0.13241731497229942,1.0306013868352397,-0.8990365200526308,-0.9691259348813621,-1.0403059683131801,0.4991149304032934
0.04870181167889305,0.33768436929111084,1.1475212700419306,0.2690188362336935,0.4333760694930387,-0.654788272076697,-0.13984799873995646,2.56437172627118
-0.25052211927622614,1.1919706338299303,-0.20595067005091097,0.1602213290049012,2.3423133372075076,0.4678462379399636,-0.40262756184498283,0.15490546442531233
-1.1481939121415836,0.041969893104596444,1.3167052625535358,0.9218038796064474,0.06440027546500698,0.4229408575392976,-0.9176755055308343,-0.3614087345416593
0.04870181167889305,-1.2066023396829089,-1.221054625120542,-0.7101587288254373,-1.2321396674390481,-0.6847251923438078,-0.5357692071515294,-0.44746110103615455
-1.1481939121415836,-1.2394595037036327,0.8091532850187202,0.2690188362336935,-0.2584535443095205,0.8719946615459618,-0.7915413152404217,-0.877722933508631
-1.1481939121415836,0.7648275015605205,0.826071684269881,0.8347658738234138,0.6972962554992005,1.7701022695592903,0.5994385054621845,-0.18930400155266874
-1.1481939121415836,0.4362558613532823,-0.37513466256251615,1.465791415750409,1.3430038950482555,1.4857015270217355,-0.3290492841755754,-0.7916705670141356
-0.8489699811864645,0.5676845174361775,-0.8826866400973318,1.3569939085216167,2.5489013468846613,1.2462061648848486,0.2700881197038848,-1.0498276664976214
-1.1481939121415836,1.6848280941407876,0.4707852999955098,0.3778163434624858,1.5351787877711884,2.114376852631066,2.4529103572296367,2.1341098937987035
0.04870181167889305,-0.7466020433927752,-0.036766677539305785,-1.2541462649693988,-1.1091477360963709,-1.0140313152820282,-0.5778139372483337,-0.44746110103615455
1.2455975354993696,2.3748285385759877,0.639969292507115,-0.3402472042475436,0.8049141954240427,-0.9391890146142508,0.32264403232489014,2.8655550090019135
-0.5497460502313453,-1.2723166677243565,-0.628910651329924,-0.05737368545268345,-1.0143414556863908,0.6624362196761844,0.5959347779541174,-0.7916705670141356
-0.5497460502313453,-1.0751736836000134,1.485889255065141,0.1602213290049012,-0.755545933486174,0.16847703526885413,-0.5848213922644677,0.7572720298867792
0.04870181167889305,-0.7466020433927752,-0.37513466256251615,1.0306013868352397,-0.7350472782623945,0.06369781433396537,-1.0998693359503195,-0.017199268563678212
0.04870181167889305,0.10768422114604409,-0.20595067005091097,-1.1453487577406065,-0.2968885228541071,-0.520072130874698,2.400354444608631,1.015429129370265
-0.25052211927622614,-1.370888159786528,-0.08752187529278686,0.1602213290049012,-1.0399647747161154,-0.3763749135925652,-0.9982612382163758,-0.9637753000031262
0.6471496735891314,1.4548279459957207,0.13241731497229942,-1.0583107519575727,-0.30713785046599684,-0.8643467139464733,-0.5427766621676635,2.8225288257546657
0.3479257426340122,-0.3851732391648132,-0.37513466256251615,-0.5796017201508863,-0.15596026819062284,-0.9541574747478064,-0.5848213922644677,-0.275356368047164
-0.5497460502313453,-1.338030995765804,-0.036766677539305785,-1.4717412794269835,-0.8862248605377686,-0.3404506092720318,0.30862912229262207,-0.7056182005196404
0.9463736045442506,2.4076857025967118,-0.20595067005091097,0.4866138506912781,-0.002220354012276347,-1.0888736159498056,-1.036802240805113,1.8759527943152177
0.6471496735891314,1.0605419777470348,0.13241731497229942,0.3778163434624858,0.6127393027011095,-0.46019829034047566,1.331717554648191,0.4991149304032934
-0.5497460502313453,-0.1551730910197465,1.485889255065141,-1.0365512505118142,-0.9502831581120796,-1.0739051558162502,-0.5112431145950603,-1.0498276664976214
-0.25052211927622614,-1.2394595037036327,-0.036766677539305785,0.3778163434624858,-0.3660714842343631,0.7223100602104071,-0.6724145799661431,-0.44746110103615455
0.6471496735891314,0.2653986084455188,-0.37513466256251615,1.3569939085216167,1.8554702756427437,0.9917423426144052,0.939300073744685,0.6712196633922839
0.9463736045442506,-0.9108878634963944,-0.7135026475857266,-0.3837662071390604,-0.8477898819931821,0.13854011500174276,0.9778410763334223,0.6712196633922839
-0.25052211927622614,-0.8451735354549468,0.4707852999955098,1.139398894064032,-0.43525444561461907,0.7372785203439617,-0.7740226777000867,0.5851672968977887
1.844045397409608,-1.535173979890147,0.8091532850187202,0.7042088651488627,-1.1808930293795996,0.13854011500174276,-0.6864294899984111,0.41306256390879814
-1.1481939121415836,1.9148282422858542,1.485889255065141,-0.27496869991026807,-0.7068616273296977,0.6175308392755183,-0.5077393870869933,0.15490546442531233
-0.8489699811864645,0.2719700412496632,-1.0518706326089369,-0.6013612215966451,0.3180711338592788,-0.5649775112753639,0.8166696109623394,-1.0498276664976214
-0.5497460502313453,-1.2394595037036327,-1.897790595166963,-0.6013612215966451,-0.8862248605377686,-0.2955452288713658,1.783698403188836,-1.0498276664976214
1.2455975354993696,-0.05660159895757502,0.4707852999955098,-0.5360827172593695,-0.36094682042841814,-1.1038420760833612,-0.17488527382062666,2.6504240927656753
2.4424932593198463,-1.2394595037036327,-0.036766677539305785,0.2690188362336935,-0.9707818133358591,-0.400324449806254,-0.5673027547241326,1.1014814958647603
-1.1481939121415836,0.5676845174361775,-0.8826866400973318,-1.2541462649693988,0.8305375144537671,-1.5379274199564696,-0.8826382304501641,-1.0498276664976214
1.5448214664544888,-1.0094593555585658,-0.37513466256251615,-1.2759057664151572,-0.924659839082355,-1.223589757151805,-0.9071643230066333,2.1341098937987035
-0.5497460502313453,-1.0094593555585658,-0.8826866400973318,-1.2323867635236405,-0.563371040763241,-0.7595674930115851,0.23154711711514758,-0.9637753000031262
-0.25052211927622614,-0.7466020433927752,-1.5594226101437525,-1.0365512505118142,-0.7581082653891466,-1.0140313152820282,-1.0683357883777163,-0.7916705670141356
-0.25052211927622614,1.3562564539335493,-0.20595067005091097,-1.1453487577406065,-0.5146867346067646,-0.11592370726869967,-0.668910852458076,-0.44746110103615455
1.5448214664544888,0.7648275015605205,1.3167052625535358,0.5954113579200705,0.2540128362849678,-0.31051368900492093,1.093464084099634,1.7038480613262272
0.9463736045442506,0.10768422114604409,1.1475212700419306,0.5083733521370369,0.261699831993885,0.7821839007446287,-0.5427766621676635,1.5317433283372366
2.7417171902749655,-1.5023168158694231,-1.0518706326089369,-0.4055257085848188,-1.2680123140806625,0.06369781433396537,-0.9772388731679738,0.6712196633922839
0.6471496735891314,0.23911287722893937,1.485889255065141,-2.3421213372573217,2.316690018177783,-1.9121389232953565,0.4312595850749674,2.306214626787694
-0.5497460502313453,-1.7651741280352138,-0.20595067005091097,0.3778163434624858,-1.0143414556863908,-1.1038420760833612,-0.9527127806115046,-0.7056182005196404
-0.25052211927622614,0.07482705712532027,0.639969292507115,0.4866138506912781,-0.19439524673520944,0.12357165486818812,-0.5392729346595965,-0.6195658340251451
0.6471496735891314,-0.25374458308191794,0.16625411347462093,-0.3837662071390604,0.2693868277028023,-0.9332016305608287,-0.9457053255953706,-0.6195658340251451
1.5448214664544888,0.2719700412496632,-0.20595067005091097,0.35605684201672744,0.7587922211705388,0.2732562562037429,0.6765205106396589,1.015429129370265
-0.25052211927622614,0.10768422114604409,-1.221054625120542,-0.362006705693302,-0.3276365056897765,-0.11592370726869967,-1.0788469709019173,-0.7916705670141356
-0.25052211927622614,-1.140888011641461,-1.0518706326089369,-1.1453487577406065,-0.5659333726662132,-1.5828328003571361,-0.052254811038280925,-1.0498276664976214
-0.8489699811864645,-0.8123163714342229,-0.7135026475857266,-1.0365512505118142,-0.8093549034485954,-2.1216973651651334,-0.5602952997079986,-1.0498276664976214
-0.25052211927622614,-0.1880302550404703,0.13241731497229942,-1.4717412794269835,-0.5146867346067646,-0.9092520943471399,-1.2330109812568661,-0.7916705670141356
-1.1481939121415836,-0.1551730910197465,-0.5443186550741214,0.2690188362336935,0.5486810051267985,-0.23567138833714357,0.11942783685700291,-0.9637753000031262
-1.1481939121415836,-0.3523160751440894,-0.628910651329924,-0.927753743283022,-0.1867082510262922,-1.1637159166175828,0.704550330704195,-0.18930400155266874
-0.5497460502313453,0.009112729083872622,-1.0518706326089369,-1.1453487577406065,-0.5018750750919024,-0.3853559896726983,0.9042627986640148,-0.9637753000031262
-1.1481939121415836,-0.4837447312269847,0.3016013074839046,0.4866138506912781,-0.08165264300442189,1.9347553310283996,0.7956472459139375,-0.7916705670141356
-0.8489699811864645,-1.1737451756621848,-0.5443186550741214,2.553766488038332,-1.027153115201253,1.3360169256861807,1.6050083002774187,-0.3614087345416593
0.6471496735891314,-1.0094593555585658,-0.679665849083405,-0.6231207230424034,-0.9938428004626111,-0.3853559896726983,0.1474576569215391,-0.18930400155266874
-0.8489699811864645,-1.4694596518486993,-1.3902386176321473,0.1602213290049012,-1.1424580508350128,0.13854011500174276,2.596563185060384,-0.7916705670141356
0.04870181167889305,0.33768436929111084,0.7753164865163986,-0.6013612215966451,0.33344512527711334,0.07866627446752107,-0.5497841171837975,-0.877722933508631
-1.1481939121415836,-0.5494590592684323,1.485889255065141,-0.9930322476202975,-0.6325540021434971,-0.41529290993980916,-0.9176755055308343,1.1014814958647603
-1.1481939121415836,-2.1266029322631756,-1.0518706326089369,-1.3194247693066745,-1.0988984084844813,-1.597801260490692,0.9673298938092212,2.8655550090019135
-1.1481939121415836,0.17339854918749173,0.639969292507115,0.9218038796064474,0.8305375144537671,0.587593919008407,1.2090870918658456,-0.877722933508631
-0.25052211927622614,0.23911287722893937,1.6550732475767462,2.227373966351955,0.12589624113634573,0.6025623791419626,1.783698403188836,-0.10325163505817349
1.2455975354993696,-0.7137448793720514,0.13241731497229942,1.2481964012928244,0.8945958120280781,1.0516161831486268,0.7080540582122621,0.8433243963812745
-0.25052211927622614,0.20625571320821554,-0.036766677539305785,-0.3837662071390604,0.574304324156523,0.003823973799743697,0.3156365773087561,-0.5335134675306499
1.844045397409608,-1.0423165195792896,1.062929273786128,0.3778163434624858,-0.714548623038615,0.37803547713863056,1.2826653695352528,1.962005160809713
0.04870181167889305,-1.2394595037036327,1.485889255065141,-0.6013612215966451,-1.1424580508350128,1.0665846432821826,-1.0508171508373811,-0.7056182005196404
-0.8489699811864645,-1.1080308476207372,0.4707852999955098,0.051423821776108866,-0.8862248605377686,-0.05604986673447799,-0.3290492841755754,-0.3614087345416593
1.2455975354993696,2.1119712264101973,1.485889255065141,0.7042088651488627,1.0227124071767002,0.3181616366044089,-0.12583308870768836,0.32701019741430287
0.3479257426340122,2.144828390430921,0.3016013074839046,-0.16617119268147576,0.7921025359091804,1.6802915087579573,2.0149444187212597,1.7038480613262272
0.04870181167889305,0.30482720527038704,-0.37513466256251615,-0.8189562360542296,0.26682449579983,0.10860319473463244,-1.0473134233293142,-0.44746110103615455
-0.8489699811864645,1.3891136179542731,0.8091532850187202,1.5745889229792012,-1.0015297961715286,0.06369781433396537,-0.4131387443691837,1.4456909618427414
0.04870181167889305,2.2105427184723685,2.6701772026463773,0.2690188362336935,0.14895722826309785,-0.5799459714089196,0.7746248808655355,0.32701019741430287
-0.8489699811864645,-0.1880302550404703,-0.20595067005091097,-0.05737368545268345,-0.11496295774306392,-0.74459903287803,-0.8931494129743652,-1.0498276664976214
-0.25052211927622614,-1.2394595037036327,-0.37513466256251615,0.1602213290049012,-0.5018750750919024,-0.07101832686803368,0.4627931326475706,-0.7056182005196404
0.6471496735891314,-0.25374458308191794,1.3167052625535358,-1.0147917490660558,-0.6325540021434971,-0.6847251923438078,-0.7424891301274835,2.8225288257546657
-0.8489699811864645,-1.1080308476207372,-0.8826866400973318,-0.4925637143678527,-1.2961979650133593,-0.37038752953914317,-0.12933681621575538,-0.877722933508631
-0.8489699811864645,-1.2394595037036327,-0.7135026475857266,-0.6013612215966451,-0.38657013945814256,0.6774046798097401,0.04234583167952845,-0.44746110103615455
0.9463736045442506,0.07482705712532027,-0.20595067005091097,0.4866138506912781,0.8945958120280781,-1.0289997754155837,-1.043809695821247,0.32701019741430287
-0.8489699811864645,-0.8123163714342229,-0.20595067005091097,1.2481964012928244,-0.33019883759274876,0.8570262014124062,-0.844097227861427,-0.275356368047164
1.2455975354993696,-0.3851732391648132,0.3016013074839046,-0.5578422187051283,-0.5838696959870204,-0.6847251923438078,-0.7775264052081537,2.1341098937987035
2.143269328364727,-0.61517338730988,-0.37513466256251615,1.2481964012928244,-0.5018750750919024,2.0694714722303997,-1.1664401586035926,0.7572720298867792
2.143269328364727,-1.2066023396829089,0.13241731497229942,-0.9495132447287804,-1.0630257618428671,-0.3404506092720318,-0.5567915721999316,0.15490546442531233
0.6471496735891314,0.10768422114604409,0.3016013074839046,0.5083733521370369,0.27707382341171993,0.21338241566952013,-1.1839587961439277,1.7899004278207225
-1.1481939121415836,2.506257194658883,-0.5443186550741214,0.3778163434624858,1.6504837234049483,1.3360169256861807,0.1509613844296061,-0.44746110103615455
-0.8489699811864645,-1.140888011641461,-0.37513466256251615,0.5954113579200705,-0.8734132010229064,0.7821839007446287,-0.20291509388516263,-0.7916705670141356
0.6471496735891314,-0.7466020433927752,-1.0518706326089369,-1.0365512505118142,-1.1680813698647372,-0.8194413335458074,0.133442746889271,-0.10325163505817349
-1.1481939121415836,-1.0094593555585658,0.639969292507115,-0.20969019557299254,-0.858039209605072,0.003823973799743697,0.4978304077282408,-0.5335134675306499
-0.5497460502313453,-0.8780306994756706,-1.5594226101437525,-1.5805387866557756,-0.7324849463594222,-0.9391890146142508,1.0128783514140924,-0.9637753000031262
-0.8489699811864645,-0.7466020433927752,-0.036766677539305785,0.1602213290049012,-1.6293011123997767,0.9318685020801835,-0.1643740912964256,-1.0498276664976214
0.6471496735891314,-0.976602191537842,-0.8826866400973318,0.3778163434624858,-0.2456418847946583,-0.05604986673447799,-1.3100929864343402,1.1014814958647603
0.04870181167889305,1.0605419777470348,-0.036766677539305785,0.051423821776108866,-0.2456418847946583,-0.1608290876693662,-0.42364992689338477,0.32701019741430287
-1.1481939121415836,-0.0237444349368512,-0.5443186550741214,0.1602213290049012,0.2540128362849678,0.2882247163372975,-0.8966531404824323,-0.017199268563678212
-0.25052211927622614,-1.4366024878279755,-0.20595067005091097,-0.20969019557299254,-0.9144105114704654,0.018792433933299383,-0.661903397441942,0.4991149304032934
-0.5497460502313453,0.2719700412496632,1.9934412325999566,-0.8407157374999881,-0.26101587621249295,-1.4630851192886922,-0.668910852458076,-1.0498276664976214
-0.25052211927622614,-0.3523160751440894,-1.221054625120542,0.2690188362336935,-1.2961979650133593,-0.43026137007336485,-0.10130699615121921,-0.9637753000031262
-0.5497460502313453,-0.7794592074134991,-1.0518706326089369,-1.2541462649693988,-0.32251184188383153,0.34809855687152025,-0.9141717780227673,-0.9637753000031262
-0.8489699811864645,0.6991131735190729,1.1475212700419306,0.1602213290049012,2.367936656237232,-0.3404506092720318,1.5174151125757431,-0.877722933508631
-0.8489699811864645,-0.08945876297829884,-2.4053425727017785,2.0097789518943707,-1.0527764342309773,0.4678462379399636,-0.6268661223612718,-0.7056182005196404
0.6471496735891314,-0.4508875672062609,-2.4053425727017785,-0.927753743283022,-0.19439524673520944,-1.253526677418916,1.2406206394384485,0.15490546442531233
-0.5497460502313453,-0.12231592699902266,0.639969292507115,0.6171708593658292,0.4461877290079009,1.5755122878230685,0.8201733384704063,-1.0498276664976214
1.844045397409608,0.37054153331183465,-0.37513466256251615,-0.7319182302711957,-0.05346699207172517,-0.8044728734122517,-0.7494965851436175,0.2409578309198076
-0.5497460502313453,2.4734000306381594,-0.20595067005091097,2.825760256110313,1.6299850681811685,0.34809855687152025,0.4067334925184983,2.478319359776685
-1.1481939121415836,0.9619704856848634,1.485889255065141,1.9009814446655782,2.296191362954003,1.455764606754625,-0.3080269191271733,-1.0498276664976214
0.6471496735891314,-0.418030403185537,-1.0518706326089369,-0.16617119268147576,-0.15852260009359512,-1.1038420760833612,-0.8861419579582311,-0.5335134675306499
2.4424932593198463,-0.0237444349368512,0.4707852999955098,-1.2541462649693988,-0.5249360622186544,-0.879315174080029,-0.7004444000306792,2.478319359776685
1.2455975354993696,-0.7137448793720514,0.3016013074839046,0.6389303608115872,-0.2892015271451899,0.9468369622137393,-0.9422015980873035,0.7572720298867792
1.2455975354993696,0.07482705712532027,0.3016013074839046,-0.4925637143678527,2.5489013468846613,-0.5500090511418088,0.7991509734220046,1.617795694831732
-0.8489699811864645,-0.9437450275171182,-1.3902386176321473,-1.9069313083421529,-0.4506284370324536,-1.478053579422248,-0.1468554537560905,-0.9637753000031262
1.2455975354993696,0.6991131735190729,-0.5443186550741214,0.3995758449082446,0.6665482726635307,0.37803547713863056,-1.1559289760793916,0.6712196633922839
0.6471496735891314,-0.61517338730988,-0.5443186550741214,-0.8842347403915052,-0.3788831437492253,-1.2086212970182493,-0.7354816751113494,-0.3614087345416593
-0.25052211927622614,1.783399586202959,1.1475212700419306,-0.16617119268147576,0.13870790065120794,0.13854011500174276,2.435391719689301,1.617795694831732
-1.1481939121415836,-1.6008883079315945,-1.1872178266182212,-1.5370197837642592,-1.1193970637082609,-1.6876120212920245,-0.4096350168611167,-0.7056182005196404
2.143269328364727,-0.3523160751440894,0.9783372775303254,1.2481964012928244,0.7664792168794561,2.159282233031732,1.6330381203419548,1.015429129370265
-0.5497460502313453,-0.3194589111233656,0.4707852999955098,2.3361714735807473,-0.06627865158658738,1.0516161831486268,-0.9947575107083089,-0.7916705670141356
-0.25052211927622614,0.33768436929111084,0.639969292507115,0.2472593347879351,0.00034197789069594894,0.3031931764708532,-0.1994113663770956,0.9293767628757698
-0.5497460502313453,-1.3051738317450803,-1.7286066026553577,-0.7101587288254373,-0.38657013945814256,-0.5799459714089196,2.596563185060384,-0.7056182005196404
0.6471496735891314,0.041969893104596444,-0.036766677539305785,1.7921839374367858,1.0867707047510113,0.18344549540240981,0.9603224387930872,0.06885309793081706
-1.1481939121415836,2.177685554451645,0.8091532850187202,-1.5805387866557756,0.510246026582212,-0.05604986673447799,0.7816323358816695,-0.9637753000031262
-1.1481939121415836,-1.7980312920559376,0.3016013074839046,0.7259683665946215,-0.8964741881496584,1.9347553310283996,-0.9281866880550355,1.1014814958647603
-0.8489699811864645,-1.0751736836000134,-2.743710557724989,-1.0365512505118142,-1.5396194957957412,-0.6847251923438078,0.3506738523894263,-1.0498276664976214
-0.8489699811864645,1.6848280941407876,0.13241731497229942,0.4430948477997613,1.0227124071767002,0.6624362196761844,-1.2995818039101392,0.41306256390879814
-0.8489699811864645,-0.418030403185537,-2.743710557724989,-1.1453487577406065,-0.32251184188383153,-1.388242818620915,-0.1818927288367607,-0.6195658340251451
-0.8489699811864645,-0.4508875672062609,1.3167052625535358,-1.0365512505118142,-0.5249360622186544,-0.789504413278696,-0.20641882139322965,-0.7916705670141356
0.6471496735891314,-0.8451735354549468,-0.37513466256251615,-1.3411842707524328,-0.783731584418871,-1.2984320578195825,-0.9422015980873035,-0.44746110103615455
-0.8489699811864645,0.07482705712532027,0.13241731497229942,0.813006372377655,0.2514505043819955,-0.6847251923438078,-1.257537073813335,-0.275356368047164
0.9463736045442506,0.9291133216641396,0.4707852999955098,0.051423821776108866,-0.2456418847946583,0.4229408575392976,0.8166696109623394,1.7899004278207225
0.04870181167889305,2.0133997343480257,0.826071684269881,-0.3837662071390604,2.398684639072901,-0.5949144315424753,-0.8651195929098291,0.2409578309198076
-0.8489699811864645,0.07482705712532027,-1.0518706326089369,0.3778163434624858,-0.17902125531737495,0.5127516183406297,0.19300611452641037,-1.0498276664976214
-0.8489699811864645,1.947685406306578,0.4707852999955098,1.465791415750409,1.8939052541873302,1.14142694394996,2.596563185060384,-0.9637753000031262
-0.8489699811864645,-0.976602191537842,-0.8826866400973318,-0.3837662071390604,-1.3346329435579458,-1.9271073834289123,0.08088683426826568,-0.7056182005196404
-1.1481939121415836,0.9948276497055872,0.8091532850187202,1.139398894064032,1.624860404375224,1.365953845953292,-0.661903397441942,-0.5335134675306499
-0.8489699811864645,-0.3523160751440894,-0.8826866400973318,-1.6893362938845682,0.4718110480376253,-1.253526677418916,-1.1243954285067883,-0.877722933508631
-0.25052211927622614,-0.5166018952477085,-1.5594226101437525,-0.8189562360542296,0.16433121968093234,-0.22070292820358842,-0.5848213922644677,-0.7916705670141356
-0.25052211927622614,1.7176852581615114,-1.221054625120542,-0.7101587288254373,0.6255509622159718,0.07866627446752107,0.46980058766370464,0.2409578309198076
0.9463736045442506,1.5205422740371684,1.3167052625535358,1.465791415750409,2.252631720603472,0.8719946615459618,1.1495237242287064,0.5851672968977887
0.6471496735891314,-0.5494590592684323,0.639969292507115,-0.05737368545268345,-0.17902125531737495,0.018792433933299383,1.468362927462805,-0.6195658340251451
2.143269328364727,0.5348273534154537,0.13241731497229942,-0.27496869991026807,-0.015032013527138554,0.5576569987412967,0.34366639737329224,1.4456909618427414
-0.25052211927622614,-0.5166018952477085,-0.036766677539305785,-0.6231207230424034,-0.7760445887099535,-0.9840943950149172,-0.8826382304501641,-0.5335134675306499
0.6471496735891314,-0.1551730910197465,1.9934412325999566,-0.7101587288254373,-0.6633019849791661,-0.5500090511418088,-1.0578246058535152,-0.275356368047164
-0.5497460502313453,-1.7651741280352138,-0.8826866400973318,-1.6893362938845682,-1.6677360909443633,-1.837296622627579,-0.7074518550468133,-0.877722933508631
1.5448214664544888,-0.3194589111233656,0.8091532850187202,-0.4925637143678527,0.499996698970322,-0.6248513518095861,2.596563185060384,1.4456909618427414
-1.1481939121415836,-0.08945876297829884,-0.5781554535764429,0.1602213290049012,-0.3916948032640875,0.003823973799743697,-1.1138842459825875,-0.7916705670141356
-0.5497460502313453,-0.3194589111233656,1.1475212700419306,1.465791415750409,0.18995453871065676,0.9019315818130721,-0.7459928576355506,-0.44746110103615455
-0.5497460502313453,-0.976602191537842,0.3016013074839046,-0.927753743283022,-1.2398266631479657,-1.223589757151805,2.596563185060384,-0.44746110103615455
0.6471496735891314,2.0133997343480257,1.8242572400883514,0.7259683665946215,1.3840012054958144,1.2611746250184033,2.596563185060384,1.015429129370265
-1.1481939121415836,-0.9108878634963944,-0.20595067005091097,-0.16617119268147576,-0.38657013945814256,1.6653230486244015,-0.39211637932078175,-1.0498276664976214
-0.5497460502313453,-0.4508875672062609,-0.7135026475857266,-0.05737368545268345,-0.17902125531737495,-0.23567138833714357,-1.054320878345448,-1.0498276664976214
0.04870181167889305,-1.0423165195792896,1.3167052625535358,2.0097789518943707,-1.1680813698647372,0.7971523608781844,-0.33956046669977646,-0.3614087345416593
-1.1481939121415836,0.10768422114604409,-0.37513466256251615,-0.9712727461745387,0.6844845959843379,-1.1487474564840277,-0.8861419579582311,-1.0498276664976214
-1.1481939121415836,0.33768436929111084,0.4707852999955098,-0.4055257085848188,-0.08421497490739455,0.003823973799743697,-0.2309449139496988,-1.0498276664976214
0.3479257426340122,0.20625571320821554,0.639969292507115,0.2472593347879351,0.00034197789069594894,0.33313009673796457,-1.1033730634583865,1.015429129370265
0.04870181167889305,-0.9108878634963944,-0.628910651329924,-0.7101587288254373,-0.9169728433734379,-1.1487474564840277,-1.0893581534261183,-1.0498276664976214
0.9463736045442506,-0.25374458308191794,-0.7135026475857266,-0.6666397259339205,-0.012469681624166258,-0.74459903287803,0.9568187112850202,0.06885309793081706
-1.1481939121415836,-0.6480305513306038,0.4707852999955098,1.2481964012928244,-0.7068616273296977,0.3181616366044089,-0.7740226777000867,-0.7916705670141356
-0.5497460502313453,-0.3523160751440894,-1.0518706326089369,-0.7536777317169541,0.27451149150874726,-0.9242205544806956,-0.40613128935304965,-0.877722933508631
-0.8489699811864645,0.20625571320821554,0.8091532850187202,-1.2541462649693988,0.48462270755248754,-0.7296305727444743,-1.2049811611923298,-0.9637753000031262
1.844045397409608,-0.976602191537842,-0.8826866400973318,-1.406462775089708,-0.650490325464304,-0.9691259348813621,-1.022787330772845,-0.18930400155266874
2.7417171902749655,-0.5823162232891561,-0.036766677539305785,-0.29672820135602646,-0.627429338337552,-0.1757975478029219,0.02132346663112652,0.41306256390879814
0.3479257426340122,-0.5823162232891561,0.13241731497229942,-0.5360827172593695,-0.4634400965473158,-0.5350405910082531,-1.0718395158857832,1.273586228853751
-0.5497460502313453,-0.9108878634963944,0.3016013074839046,-1.1453487577406065,-1.0143414556863908,-0.11592370726869967,0.6660093281154578,-0.877722933508631
0.9463736045442506,-0.8123163714342229,0.3016013074839046,0.3778163434624858,-0.6940499678148355,1.276143085151959,1.4438368349063357,-0.10325163505817349
-0.8489699811864645,-0.7137448793720514,0.13241731497229942,-1.7981338011133605,-1.270574645983635,-1.9271073834289123,-1.0858544259180514,-0.44746110103615455
-1.1481939121415836,-0.6480305513306038,1.1475212700419306,-1.2541462649693988,-0.5146867346067646,-0.46019829034047566,0.8271807934865404,-0.5335134675306499
0.04870181167889305,0.20625571320821554,-0.20595067005091097,0.5083733521370369,0.7587922211705385,0.2882247163372975,-0.5462803896757306,-0.7916705670141356
0.6471496735891314,0.8305418296019681,0.639969292507115,-0.20969019557299254,0.638362621730834,-0.43026137007336485,-0.9842463281841077,1.4456909618427414
0.04870181167889305,-1.0423165195792896,-0.9841970356042952,-0.9495132447287807,-0.7939809120307607,-0.654788272076697,0.529363955300844,-0.18930400155266874
-0.25052211927622614,-0.61517338730988,-0.036766677539305785,0.1602213290049012,0.0874612625917591,-0.7146621126109186,0.9498112562688862,-0.5335134675306499
-0.5497460502313453,1.1591134698092063,0.13241731497229942,0.7042088651488627,2.5489013468846613,1.0516161831486268,-1.1384103385390565,-0.275356368047164
-0.8489699811864645,1.4876851100164445,0.13241731497229942,-1.2541462649693988,-0.015032013527138554,-1.343337438220249,-0.04174362851407986,-0.017199268563678212
-1.1481939121415836,1.8819710782651304,-1.897790595166963,0.813006372377655,0.17714287919579455,0.8121208210117391,-0.013713808449543693,-0.9637753000031262
2.143269328364727,0.4691130253740061,0.9783372775303254,0.7042088651488627,-0.19439524673520944,-0.6098828916760304,-0.6969406725226123,0.7572720298867792
-1.1481939121415836,-0.4837447312269847,-1.0518706326089369,-0.3837662071390604,-0.33019883759274876,-0.8942836342135847,-1.1419140660471234,-0.877722933508631
-0.8489699811864645,-1.0094593555585658,-1.5594226101437525,-0.3837662071390604,-0.5787450321810756,-1.0739051558162502,-0.7880375877323547,-0.877722933508631
-0.8489699811864645,-0.1551730910197465,-1.0518706326089369,-0.6013612215966451,-0.5018750750919024,0.21338241566952013,0.02482719413919354,-0.5335134675306499
0.3479257426340122,0.041969893104596444,0.13241731497229942,1.2481964012928244,-0.8734132010229064,0.2582877960701872,-0.665407124950009,-0.44746110103615455
-0.5497460502313453,-0.05660159895757502,-1.5594226101437525,-0.6231207230424034,0.3283204614711687,-0.8344097936793625,-0.013713808449543693,-0.5335134675306499
-0.8489699811864645,-0.5166018952477085,-0.20595067005091097,-0.05737368545268345,-0.1303369491608984,0.2732562562037429,-1.1103805184745206,-0.9637753000031262
-0.5497460502313453,1.0933991417677587,-1.7286066026553577,-0.16617119268147576,2.5489013468846613,0.9468369622137393,-0.7670152226839526,-0.7056182005196404
-0.5497460502313453,-0.6808877153513276,-1.221054625120542,0.7042088651488627,-0.7068616273296977,-1.5828328003571361,-1.0648320608696493,-0.9637753000031262
-0.8489699811864645,-0.05660159895757502,0.639969292507115,2.118576459123163,0.702420919305145,0.9767738824808495,2.4634215397538375,0.6712196633922839
2.143269328364727,0.17339854918749173,2.6701772026463773,0.7477278680403795,-0.20976923815304396,0.9917423426144052,-0.9422015980873035,1.5317433283372366
-0.25052211927622614,-1.370888159786528,0.8091532850187202,0.2690188362336935,-0.9630948176269418,0.2732562562037429,2.596563185060384,-0.5335134675306499
1.844045397409608,1.3233992899128255,0.9783372775303254,0.1384618275591428,-0.004782685915249007,-0.6996936524773635,-0.9702314181518397,1.7899004278207225
-0.8489699811864645,2.539114358679607,0.3016013074839046,1.5745889229792012,2.5489013468846613,1.5755122878230685,2.596563185060384,-0.9637753000031262
1.2455975354993696,1.4876851100164445,2.6701772026463773,1.9009814446655782,1.0995823642658735,0.7821839007446287,-1.029794785788979,0.8433243963812745
1.5448214664544888,0.7648275015605205,0.639969292507115,1.9009814446655782,-0.19439524673520944,0.8270892811452948,0.6239645980186536,0.5851672968977887
0.6471496735891314,-0.22088741906119413,-1.0518706326089369,1.139398894064032,-0.6299916702405245,0.1984139555359655,-0.7494965851436175,0.5851672968977887
-0.8489699811864645,-0.3194589111233656,0.639969292507115,1.7921839374367858,-0.16877192770548505,0.3630670170050749,-0.847600955369494,-0.7916705670141356
0.04870181167889305,0.7648275015605205,0.8091532850187202,-1.1453487577406065,0.8792218206102437,0.018792433933299383,-0.7845338602242877,2.8655550090019135
1.844045397409608,-0.3523160751440894,-0.20595067005091097,-0.16617119268147576,-0.5479970493454063,-0.7296305727444743,-1.1138842459825875,0.5851672968977887
0.6471496735891314,-0.7794592074134991,-1.221054625120542,0.4866138506912781,0.574304324156523,0.2433193359366315,-0.10130699615121921,0.8433243963812745
1.5448214664544888,1.0605419777470348,0.4707852999955098,0.1602213290049012,-0.5787450321810756,-0.22070292820358842,-1.033298513297046,1.015429129370265
0.6471496735891314,1.421970781974997,-0.37513466256251615,-0.27496869991026807,0.2924478148295544,0.18344549540240981,0.6029422329702514,1.3596385953482462
-0.8489699811864645,-0.7466020433927752,-1.221054625120542,-2.015728815570945,-0.20720690625007165,-1.0439682355491395,0.32264403232489014,-1.0498276664976214
1.844045397409608,-1.7651741280352138,2.6701772026463773,-0.6013612215966451,-1.2321396674390481,0.4678462379399636,-0.6093474848209369,1.1875338623592555
-0.25052211927622614,0.041969893104596444,2.331809217623167,0.7042088651488627,1.2148872998996334,2.675694107639396,1.4753703824789388,-0.9637753000031262
1.2455975354993696,-1.0094593555585658,0.8091532850187202,0.2472593347879351,-0.8093549034485952,0.4828146980735193,0.4487782226153025,2.8655550090019135
0.6471496735891314,2.4076857025967118,-0.20595067005091097,0.4648543492455193,2.2987536948569764,-0.22070292820358842,-0.458687201974055,-0.18930400155266874
1.5448214664544888,1.1262563057884825,1.1475212700419306,-0.4055257085848188,-0.7504212696802293,-1.133778996350472,-0.8020524977646227,1.7038480613262272
-1.1481939121415836,-0.9437450275171182,-1.0518706326089369,-0.14441169123571737,-0.41731812229381193,0.43790931767285224,-0.6864294899984111,-0.7056182005196404
-0.25052211927622614,-0.0237444349368512,-1.7286066026553577,0.9653228824979642,0.23351418106118835,0.542688538607741,-1.1629364310955257,-0.7056182005196404
-0.5497460502313453,-0.6808877153513276,-1.221054625120542,-1.2541462649693988,1.5351787877711884,-1.223589757151805,0.5433788653331121,-0.877722933508631
-0.5497460502313453,-2.1594600962838997,-1.3902386176321473,-0.05737368545268345,-1.283386305498497,-1.223589757151805,-0.4446722919417869,-0.9637753000031262
-1.1481939121415836,1.3233992899128255,0.3016013074839046,0.813006372377655,1.3173805760185309,2.5783991167712856,-0.33255301168364243,-0.6195658340251451
-1.1481939121415836,-0.8780306994756706,-0.7135026475857266,1.139398894064032,-0.5146867346067646,1.829976110093512,-0.3255455566675084,-0.9637753000031262
0.04870181167889305,0.10768422114604409,0.639969292507115,-0.4925637143678527,-0.05859165587767013,-0.01114448633381199,0.2700881197038848,-0.5335134675306499
0.3479257426340122,0.4691130253740061,0.8091532850187202,0.8782848767149306,0.8894711482221336,1.0276666469349387,0.6344757805428546,2.8655550090019135
-0.5497460502313453,0.23911287722893937,0.13241731497229942,-0.27496869991026807,0.7664792168794561,0.12357165486818812,0.4627931326475706,-0.7056182005196404
-0.25052211927622614,0.2719700412496632,-0.7135026475857266,-0.9930322476202975,0.6434872855367786,-1.388242818620915,-0.5077393870869933,-0.9637753000031262
-0.8489699811864645,-0.4837447312269847,-1.897790595166963,-1.0365512505118142,-0.2456418847946583,-0.6098828916760304,-0.9737351456599067,-0.3614087345416593
-0.8489699811864645,0.6005416814569015,0.13241731497229942,-0.27496869991026807,0.4461877290079009,-1.2385582172853602,1.2931765520594538,-0.877722933508631
-0.8489699811864645,0.7319703375397967,0.8091532850187202,1.9009814446655782,0.4461877290079009,2.054503012096844,-0.43416110941758584,1.1014814958647603
1.2455975354993696,-0.4837447312269847,0.639969292507115,-1.275905766415157,-0.7991055758367056,-1.1637159166175828,1.3912809222853304,0.06885309793081706
2.7417171902749655,1.1919706338299303,2.6701772026463773,0.6171708593658292,0.45131239281384583,1.4857015270217355,-0.7074518550468133,0.9293767628757698
-0.5497460502313453,-0.0237444349368512,-0.20595067005091097,0.3778163434624858,-0.6428033297553867,1.006710802747961,1.496392747527341,-0.877722933508631
0.9463736045442506,0.23911287722893937,-0.37513466256251615,2.227373966351955,-0.2584535443095205,0.9169000419466278,-0.06977344857861603,0.8433243963812745
-0.5497460502313453,-1.0423165195792896,-1.0518706326089369,-1.449981777981225,-0.4480661051294809,-1.3283689780866932,-0.9386978705792365,-0.7056182005196404
0.9463736045442506,0.6662560094983491,1.485889255065141,-0.4925637143678527,2.5489013468846613,-0.2955452288713658,-1.1594327035874585,0.8433243963812745
-0.25052211927622614,1.5533994380578922,0.13241731497229942,-1.0365512505118142,-0.2584535443095205,-0.37038752953914317,-0.668910852458076,-0.18930400155266874
-1.1481939121415836,-0.7466020433927752,-0.8488498415950109,-1.5370197837642587,-0.7094239592326702,-1.1038420760833612,-0.7214667650790814,-0.9637753000031262
0.04870181167889305,0.17339854918749173,1.3167052625535358,-1.9069313083421529,0.12589624113634573,0.3181616366044089,0.48731922520403975,-0.44746110103615455
0.04870181167889305,-0.12231592699902266,-0.20595067005091097,0.6389303608115872,0.1848298749047118,1.8150076499599563,1.5594598426725474,-0.6195658340251451
-0.5497460502313453,0.009112729083872622,0.3016013074839046,-0.16617119268147576,0.702420919305145,0.5277200784741853,0.08439056177633271,-0.6195658340251451
0.6471496735891314,0.10768422114604409,0.4707852999955098,0.2690188362336935,0.7844155402002633,-0.7146621126109186,0.37169621743782805,1.3596385953482462
-0.8489699811864645,1.5205422740371684,1.3167052625535358,0.051423821776108866,1.1508290023253223,0.39300393727218624,1.5629635701806144,1.617795694831732
-0.5497460502313453,0.23911287722893937,0.8429900835210417,1.1829178969555487,-0.22770556147385113,0.9169000419466278,-0.5427766621676635,0.6712196633922839
0.04870181167889305,-0.3851732391648132,0.3016013074839046,-0.927753743283022,-0.5787450321810756,-0.5949144315424753,-1.1944699786681288,-0.5335134675306499
0.6471496735891314,-1.370888159786528,0.639969292507115,0.813006372377655,-0.5095620708008198,1.1114900236828487,-0.9877500556921748,-0.44746110103615455
1.844045397409608,-0.22088741906119413,-0.40897146106483767,-0.013854682561166676,-0.2892015271451899,-0.029106638494078175,-0.6934369450145452,-0.275356368047164
-0.5497460502313453,0.17339854918749173,-2.2361585801901733,-0.8189562360542296,2.431994953811543,0.3031931764708532,-0.9912537832002418,-0.9637753000031262
1.5448214664544888,1.3891136179542731,0.4707852999955098,0.7694873694861383,0.054150947853117436,0.06369781433396537,-1.0893581534261183,1.015429129370265
-0.5497460502313453,-0.9437450275171182,-0.7135026475857266,0.3778163434624858,0.18995453871065676,0.8420577412788505,0.7536025158171333,-0.877722933508631
-0.25052211927622614,1.1919706338299303,-0.7135026475857266,-1.6893362938845682,2.5489013468846613,-0.1757975478029219,-0.5743102097402667,-0.7916705670141356
0.3479257426340122,0.1405413851667679,0.4707852999955098,-0.16617119268147576,-1.5780544743403278,-0.41529290993980916,-0.06977344857861603,0.5851672968977887
1.844045397409608,0.23911287722893937,-0.8826866400973318,0.813006372377655,1.125205683295598,1.321048465552626,-0.06276599356248198,0.41306256390879814
-1.1481939121415836,0.40339869733255845,-1.221054625120542,-0.927753743283022,1.8682819351576059,-0.8942836342135847,-0.3745977417804467,-1.0498276664976214
-0.25052211927622614,-0.6480305513306038,0.13241731497229942,-0.5360827172593695,-0.5454347174424338,-0.43026137007336485,-1.1839587961439277,-0.10325163505817349
0.9463736045442506,2.144828390430921,-1.897790595166963,0.4866138506912781,2.5489013468846613,0.2283508758030758,1.2861690970433197,0.06885309793081706
-0.25052211927622614,1.6848280941407876,0.4707852999955098,1.139398894064032,0.510246026582212,0.21338241566952013,1.7907058582049702,-0.18930400155266874
1.844045397409608,-0.9108878634963944,-0.036766677539305785,-1.1453487577406065,-0.8759755329258789,-1.388242818620915,0.4768080426798387,1.962005160809713
-0.8489699811864645,-0.4508875672062609,-1.0518706326089369,1.9009814446655782,0.4205644099781765,0.4678462379399636,-0.15386290877222453,-0.7916705670141356
0.3479257426340122,-0.8123163714342229,0.3016013074839046,-0.16617119268147576,0.2437635086730779,0.4828146980735193,-0.28350082657070413,1.617795694831732
0.04870181167889305,-1.2723166677243565,1.1475212700419306,-1.0365512505118142,-0.9297845028883002,-0.46019829034047566,-0.4972282045627922,0.06885309793081706
-0.8489699811864645,-0.25374458308191794,-0.5443186550741214,0.813006372377655,0.702420919305145,0.8570262014124062,-0.5953325747886689,-1.0498276664976214
-0.8489699811864645,0.8962561576434158,-0.37513466256251615,0.051423821776108866,-0.23283022527979608,-0.46019829034047566,-0.3851089243046477,0.7572720298867792
0.3479257426340122,-0.1551730910197465,1.1475212700419306,0.1602213290049012,-0.5146867346067646,1.006710802747961,-0.7284742200952155,0.7572720298867792
-0.8489699811864645,-0.3523160751440894,1.8242572400883514,0.07318332322186726,-0.3455728290105836,0.06369781433396537,-0.6794220349822772,1.015429129370265
0.04870181167889305,-0.3194589111233656,0.4707852999955098,1.2481964012928244,-0.19695757863818175,1.0516161831486268,-0.7810301327162207,0.41306256390879814
-0.8489699811864645,-0.1880302550404703,0.4707852999955098,0.051423821776108866,0.4461877290079009,0.5576569987412967,0.12993901938120397,-0.7056182005196404
-1.1481939121415836,0.6333988454776253,0.9783372775303254,-0.27496869991026807,1.5992370853454996,0.003823973799743697,-0.09079581362701816,-0.9637753000031262
-0.5497460502313453,1.7505424221822352,1.3167052625535358,-0.8842347403915052,-0.714548623038615,-1.4181797388880264,-0.465694656990189,-0.9637753000031262
-0.5497460502313453,-0.976602191537842,-1.7286066026553577,-0.5143232158136111,-0.5761827002781031,-0.3404506092720318,-1.1138842459825875,-0.9637753000031262
-0.25052211927622614,0.2719700412496632,0.4707852999955098,-0.6013612215966451,-0.8477898819931821,-0.5949144315424753,-0.4762058395143901,0.06885309793081706
1.2455975354993696,-0.05660159895757502,1.1475212700419306,-0.27496869991026807,0.00034197789069594894,-0.5949144315424753,-0.7004444000306792,-0.9637753000031262
-0.5497460502313453,1.7176852581615114,1.3167052625535358,0.9218038796064474,-0.32251184188383153,1.8150076499599563,0.6554981455912567,-0.7916705670141356
-0.5497460502313453,-0.5166018952477085,-1.3902386176321473,-0.16617119268147576,0.2540128362849678,-0.5051036707411422,-0.11532190618348731,-0.9637753000031262
-0.5497460502313453,-0.5494590592684323,0.217009311228102,-1.0365512505118142,-0.8580392096050717,-1.358305898353804,0.3541775798974933,1.7038480613262272
0.04870181167889305,-0.8780306994756706,-1.0518706326089369,0.3778163434624858,-0.4045064627789495,0.4528777778064079,-0.6128512123290039,-0.44746110103615455
-1.1481939121415836,0.1405413851667679,1.1475212700419306,-0.16617119268147576,-0.32251184188383153,-0.74459903287803,0.19650984203447738,-1.0498276664976214
1.2455975354993696,-1.8637456200973852,-0.036766677539305785,-0.6013612215966451,-1.2347019993420207,-0.05604986673447799,0.4943266802201738,0.7572720298867792
-0.5497460502313453,-0.7466020433927752,-1.0518706326089369,-1.2541462649693988,0.18995453871065676,0.632499299409074,-0.020721263465677736,-1.0498276664976214
-0.8489699811864645,-0.6480305513306038,0.13241731497229942,0.31253783912521027,-0.2738275357273552,1.0665846432821826,-0.5813176647564007,0.7572720298867792
2.143269328364727,-0.05660159895757502,0.639969292507115,0.9218038796064474,0.06183794356203469,1.4857015270217355,1.1425162692125723,1.273586228853751
-0.25052211927622614,-0.6480305513306038,-2.4053425727017785,-0.927753743283022,-0.6556149892702489,-0.23567138833714357,-0.20641882139322965,-0.6195658340251451
-0.8489699811864645,-0.418030403185537,-1.221054625120542,-1.1453487577406065,-0.3737584799432804,-0.5799459714089196,-0.84059350035336,-0.9637753000031262
1.5448214664544888,0.6005416814569015,1.8242572400883514,0.2472593347879351,0.712670246917035,0.04872935420041076,0.9638261663011543,1.015429129370265
2.7417171902749655,1.027684813726311,1.3167052625535358,0.9218038796064474,-0.06627865158658738,1.231237704751293,2.5054662698506416,0.4991149304032934
2.4424932593198463,-0.7137448793720514,0.9783372775303254,0.4866138506912781,-0.5146867346067646,-0.3554190694055875,0.10190919931666781,1.1014814958647603
-0.8489699811864645,0.8305418296019681,1.8242572400883514,1.3569939085216167,1.6504837234049483,2.5334937363706187,-0.35357537673204453,-0.5335134675306499
-0.8489699811864645,-1.338030995765804,0.13241731497229942,1.3569939085216167,-1.1296463913201507,2.084439932363954,2.232175524221415,-0.10325163505817349
-0.25052211927622614,2.144828390430921,-0.20595067005091097,-0.7101587288254373,0.702420919305145,0.6025623791419626,-0.17838900132869367,0.2409578309198076
0.6471496735891314,1.3233992899128255,-0.8826866400973318,-0.6231207230424034,0.22326485344929842,-1.2086212970182493,-0.9842463281841077,1.4456909618427414
0.04870181167889305,0.4691130253740061,-0.20595067005091097,-0.10089268834420022,0.11564691352445582,-0.1757975478029219,2.533496089915178,-0.9637753000031262
-0.8489699811864645,-0.0237444349368512,0.4707852999955098,1.139398894064032,-0.9118481795674931,0.9917423426144052,-0.6934369450145452,-0.44746110103615455
-0.25052211927622614,-0.4508875672062609,-0.8826866400973318,-0.4925637143678527,-0.6146176788226898,-0.9541574747478064,-0.8265785903210919,-0.7056182005196404
-1.1481939121415836,1.947685406306578,1.3167052625535358,1.6833864302079935,2.5489013468846613,1.6353861283572901,-0.830082317829159,-0.6195658340251451
1.2455975354993696,1.0605419777470348,0.4707852999955098,0.3778163434624858,0.1694558834868773,0.003823973799743697,-0.05575853854634795,1.015429129370265
-0.8489699811864645,0.20625571320821554,1.3167052625535358,1.139398894064032,-0.4506284370324536,0.6175308392755183,2.0955301514068005,0.32701019741430287
0.9463736045442506,0.5019701893947299,1.485889255065141,1.3569939085216167,-0.44806610512948114,-0.05604986673447799,-0.23795236896583286,0.4991149304032934
-1.1481939121415836,0.041969893104596444,-0.036766677539305785,0.2690188362336935,0.7818532082972905,0.587593919008407,-0.7039481275387462,1.617795694831732
-0.8489699811864645,-0.5166018952477085,0.3016013074839046,0.07318332322186726,0.7306065702378417,0.767215440611073,-0.9176755055308343,-0.6195658340251451
0.6471496735891314,2.2433998824930925,1.6550732475767462,0.35605684201672744,0.6076146388951646,0.4678462379399636,-0.6338735773774058,2.8225288257546657
-0.5497460502313453,-1.1080308476207372,-1.221054625120542,-0.27496869991026807,-1.654924431429501,-0.5949144315424753,1.0759454465592988,-0.9637753000031262
1.5448214664544888,1.586256602078616,0.13241731497229942,0.2690188362336935,1.307131248406641,1.740165349292179,-0.1959076388690286,0.8433243963812745
1.5448214664544888,-1.0751736836000134,-0.8826866400973318,-1.23238676352364,-1.068150425648812,-1.478053579422248,-1.1103805184745206,-0.017199268563678212
1.844045397409608,-0.6808877153513276,0.3016013074839046,2.118576459123163,0.4461877290079009,0.07866627446752107,-1.0087724207405768,2.56437172627118
-0.5497460502313453,0.009112729083872622,-0.20595067005091097,-0.16617119268147576,0.0848989306887868,0.6624362196761844,-0.41664247187725073,-0.5335134675306499
0.3479257426340122,-0.0237444349368512,-0.036766677539305785,-0.6013612215966451,-0.42500511800272917,-0.9242205544806956,-0.7494965851436175,-0.275356368047164
-0.8489699811864645,0.1405413851667679,-1.0518706326089369,-0.7971967346084713,0.533307013708964,-0.3404506092720318,-0.3851089243046477,1.1875338623592555
-0.8489699811864645,-0.9437450275171182,-0.20595067005091097,0.2690188362336935,-0.5044374069948749,-0.2955452288713658,-0.5042356595789262,-0.877722933508631
